team,date,mentions,positive,neutral,negative,net_sentiment,match_result,stage,opponent,official_result,finish,appeared_in_daily_top10
Spain,2026-06-11,,,,,,,,,,CHAMPION,False
Spain,2026-06-12,161.0,90.0,71.0,0.0,55.900621118012424,,,,,CHAMPION,True
Spain,2026-06-13,,,,,,,,,,CHAMPION,False
Spain,2026-06-14,,,,,,,,,,CHAMPION,False
Spain,2026-06-15,,,,,,D,Group stage,Cabo Verde,0-0,CHAMPION,False
Spain,2026-06-16,,,,,,,,,,CHAMPION,False
Spain,2026-06-17,662.0,27.0,323.0,312.0,-43.051359516616316,,,,,CHAMPION,True
Spain,2026-06-18,,,,,,,,,,CHAMPION,False
Spain,2026-06-19,,,,,,,,,,CHAMPION,False
Spain,2026-06-20,,,,,,,,,,CHAMPION,False
Spain,2026-06-21,,,,,,W,Group stage,Saudi Arabia,4-0 (3-0),CHAMPION,False
Spain,2026-06-22,,,,,,,,,,CHAMPION,False
Spain,2026-06-23,477.0,394.0,83.0,0.0,82.59958071278825,,,,,CHAMPION,True
Spain,2026-06-24,,,,,,,,,,CHAMPION,False
Spain,2026-06-25,,,,,,,,,,CHAMPION,False
Spain,2026-06-26,,,,,,W,Group stage,Uruguay,0-1 (0-1),CHAMPION,False
Spain,2026-06-27,,,,,,,,,,CHAMPION,False
Spain,2026-06-28,,,,,,,,,,CHAMPION,False
Spain,2026-06-29,,,,,,,,,,CHAMPION,False
Spain,2026-06-30,,,,,,,,,,CHAMPION,False
Spain,2026-07-01,,,,,,,,,,CHAMPION,False
Spain,2026-07-02,,,,,,W,Round of 32,Austria,3-0 (1-0),CHAMPION,False
Spain,2026-07-03,,,,,,,,,,CHAMPION,False
Spain,2026-07-04,771.0,522.0,175.0,74.0,58.106355382619974,,,,,CHAMPION,True
Spain,2026-07-05,456.0,129.0,282.0,45.0,18.42105263157895,,,,,CHAMPION,True
Spain,2026-07-06,,,,,,W,Round of 16,Portugal,0-1 (0-0),CHAMPION,False
Spain,2026-07-07,560.0,349.0,180.0,31.0,56.785714285714285,,,,,CHAMPION,True
Spain,2026-07-08,879.0,659.0,207.0,13.0,73.49260523321956,,,,,CHAMPION,True
Spain,2026-07-09,268.0,177.0,81.0,10.0,62.3134328358209,,,,,CHAMPION,True
Spain,2026-07-10,168.0,98.0,68.0,2.0,57.142857142857146,W,Quarter-final,Belgium,2-1 (1-1),CHAMPION,True
Spain,2026-07-11,437.0,325.0,110.0,2.0,73.91304347826087,,,,,CHAMPION,True
Spain,2026-07-12,948.0,690.0,158.0,100.0,62.23628691983122,,,,,CHAMPION,True
Spain,2026-07-13,296.0,172.0,121.0,3.0,57.0945945945946,,,,,CHAMPION,True
Spain,2026-07-14,279.0,175.0,98.0,6.0,60.57347670250896,W,Semi-final,France,0-2 (0-1),CHAMPION,True
Spain,2026-07-15,2391.0,2243.0,126.0,22.0,92.89000418235048,,,,,CHAMPION,True
Spain,2026-07-16,2920.0,2800.0,100.0,20.0,95.20547945205479,,,,,CHAMPION,True
Spain,2026-07-17,723.0,531.0,151.0,41.0,67.7731673582296,,,,,CHAMPION,True
Spain,2026-07-18,849.0,566.0,265.0,18.0,64.54652532391049,,,,,CHAMPION,True
Spain,2026-07-19,747.0,606.0,136.0,5.0,80.45515394912985,W,Final,Argentina,"1-0 AET (0-0, 0-0)",CHAMPION,True
Spain,2026-07-20,1702.0,1498.0,204.0,0.0,88.01410105757932,,,,,CHAMPION,True
Spain,2026-07-21,3872.0,3818.0,53.0,1.0,98.57954545454545,,,,,CHAMPION,True
Argentina,2026-06-11,984.0,779.0,116.0,89.0,70.1219512195122,,,,,RUNNER-UP,True
Argentina,2026-06-12,718.0,542.0,76.0,100.0,61.559888579387184,,,,,RUNNER-UP,True
Argentina,2026-06-13,584.0,383.0,129.0,72.0,53.25342465753425,,,,,RUNNER-UP,True
Argentina,2026-06-14,426.0,217.0,121.0,88.0,30.281690140845072,,,,,RUNNER-UP,True
Argentina,2026-06-15,358.0,229.0,102.0,27.0,56.42458100558659,,,,,RUNNER-UP,True
Argentina,2026-06-16,484.0,267.0,160.0,57.0,43.388429752066116,W,Group stage,Algeria,3-0 (1-0),RUNNER-UP,True
Argentina,2026-06-17,579.0,337.0,179.0,63.0,47.32297063903282,,,,,RUNNER-UP,True
Argentina,2026-06-18,1155.0,958.0,166.0,31.0,80.25974025974025,,,,,RUNNER-UP,True
Argentina,2026-06-19,1120.0,955.0,108.0,57.0,80.17857142857143,,,,,RUNNER-UP,True
Argentina,2026-06-20,810.0,590.0,151.0,69.0,64.32098765432099,,,,,RUNNER-UP,True
Argentina,2026-06-21,383.0,242.0,118.0,23.0,57.180156657963444,,,,,RUNNER-UP,True
Argentina,2026-06-22,504.0,376.0,106.0,22.0,70.23809523809524,W,Group stage,Austria,2-0 (1-0),RUNNER-UP,True
Argentina,2026-06-23,868.0,699.0,153.0,16.0,78.68663594470046,,,,,RUNNER-UP,True
Argentina,2026-06-24,1847.0,1656.0,142.0,49.0,87.00595560368164,,,,,RUNNER-UP,True
Argentina,2026-06-25,864.0,609.0,169.0,86.0,60.532407407407405,,,,,RUNNER-UP,True
Argentina,2026-06-26,496.0,334.0,132.0,30.0,61.29032258064516,,,,,RUNNER-UP,True
Argentina,2026-06-27,396.0,153.0,175.0,68.0,21.464646464646464,W,Group stage,Jordan,1-3 (0-2),RUNNER-UP,True
Argentina,2026-06-28,626.0,368.0,244.0,14.0,56.54952076677316,,,,,RUNNER-UP,True
Argentina,2026-06-29,1043.0,701.0,321.0,21.0,65.19654841802493,,,,,RUNNER-UP,True
Argentina,2026-06-30,1480.0,908.0,339.0,233.0,45.608108108108105,,,,,RUNNER-UP,True
Argentina,2026-07-01,824.0,423.0,220.0,181.0,29.368932038834952,,,,,RUNNER-UP,True
Argentina,2026-07-02,,,,,,,,,,RUNNER-UP,False
Argentina,2026-07-03,657.0,172.0,336.0,149.0,3.5007610350076104,W,Round of 32,Cabo Verde,"3-2 AET (1-1, 1-0)",RUNNER-UP,True
Argentina,2026-07-04,564.0,251.0,212.0,101.0,26.595744680851062,,,,,RUNNER-UP,True
Argentina,2026-07-05,2330.0,1438.0,688.0,204.0,52.96137339055794,,,,,RUNNER-UP,True
Argentina,2026-07-06,1657.0,685.0,595.0,377.0,18.587809293904648,,,,,RUNNER-UP,True
Argentina,2026-07-07,893.0,365.0,450.0,78.0,32.13885778275476,W,Round of 16,Egypt,3-2 (0-1),RUNNER-UP,True
Argentina,2026-07-08,1904.0,974.0,521.0,409.0,29.67436974789916,,,,,RUNNER-UP,True
Argentina,2026-07-09,4750.0,1643.0,750.0,2357.0,-15.031578947368422,,,,,RUNNER-UP,True
Argentina,2026-07-10,3742.0,1488.0,438.0,1816.0,-8.765366114377338,,,,,RUNNER-UP,True
Argentina,2026-07-11,1337.0,345.0,451.0,541.0,-14.659685863874346,W,Quarter-final,Switzerland,"3-1 AET (1-1, 1-0)",RUNNER-UP,True
Argentina,2026-07-12,1324.0,495.0,503.0,326.0,12.764350453172206,,,,,RUNNER-UP,True
Argentina,2026-07-13,2968.0,1788.0,317.0,863.0,31.165768194070083,,,,,RUNNER-UP,True
Argentina,2026-07-14,3187.0,1947.0,423.0,817.0,35.456542202698465,,,,,RUNNER-UP,True
Argentina,2026-07-15,1811.0,897.0,356.0,558.0,18.71893981225842,W,Semi-final,England,1-2 (0-0),RUNNER-UP,True
Argentina,2026-07-16,2232.0,1463.0,431.0,338.0,50.403225806451616,,,,,RUNNER-UP,True
Argentina,2026-07-17,3607.0,3214.0,159.0,234.0,82.61713335181591,,,,,RUNNER-UP,True
Argentina,2026-07-18,2697.0,1902.0,424.0,371.0,56.766777901371896,,,,,RUNNER-UP,True
Argentina,2026-07-19,1631.0,973.0,282.0,376.0,36.60331085223789,L,Final,Spain,"1-0 AET (0-0, 0-0)",RUNNER-UP,True
Argentina,2026-07-20,1941.0,991.0,476.0,474.0,26.63575476558475,,,,,RUNNER-UP,True
Argentina,2026-07-21,2968.0,365.0,265.0,2338.0,-66.47574123989219,,,,,RUNNER-UP,True
England,2026-06-11,187.0,70.0,72.0,45.0,13.368983957219251,,,,,3RD,True
England,2026-06-12,,,,,,,,,,3RD,False
England,2026-06-13,,,,,,,,,,3RD,False
England,2026-06-14,,,,,,,,,,3RD,False
England,2026-06-15,,,,,,,,,,3RD,False
England,2026-06-16,,,,,,,,,,3RD,False
England,2026-06-17,,,,,,W,Group stage,Croatia,4-2 (2-2),3RD,False
England,2026-06-18,357.0,352.0,5.0,0.0,98.59943977591037,,,,,3RD,True
England,2026-06-19,669.0,571.0,93.0,5.0,84.60388639760838,,,,,3RD,True
England,2026-06-20,,,,,,,,,,3RD,False
England,2026-06-21,,,,,,,,,,3RD,False
England,2026-06-22,,,,,,,,,,3RD,False
England,2026-06-23,,,,,,D,Group stage,Ghana,0-0,3RD,False
England,2026-06-24,,,,,,,,,,3RD,False
England,2026-06-25,,,,,,,,,,3RD,False
England,2026-06-26,,,,,,,,,,3RD,False
England,2026-06-27,,,,,,W,Group stage,Panama,0-2 (0-0),3RD,False
England,2026-06-28,,,,,,,,,,3RD,False
England,2026-06-29,,,,,,,,,,3RD,False
England,2026-06-30,,,,,,,,,,3RD,False
England,2026-07-01,,,,,,W,Round of 32,Congo DR,2-1 (0-1),3RD,False
England,2026-07-02,,,,,,,,,,3RD,False
England,2026-07-03,1294.0,809.0,421.0,64.0,57.573415765069555,,,,,3RD,True
England,2026-07-04,,,,,,,,,,3RD,False
England,2026-07-05,,,,,,W,Round of 16,Mexico,2-3 (1-2),3RD,False
England,2026-07-06,,,,,,,,,,3RD,False
England,2026-07-07,1079.0,928.0,109.0,42.0,82.11306765523634,,,,,3RD,True
England,2026-07-08,1157.0,934.0,190.0,33.0,77.87381158167675,,,,,3RD,True
England,2026-07-09,,,,,,,,,,3RD,False
England,2026-07-10,190.0,47.0,141.0,2.0,23.68421052631579,,,,,3RD,True
England,2026-07-11,,,,,,W,Quarter-final,Norway,"1-2 AET (1-1, 1-1)",3RD,False
England,2026-07-12,281.0,78.0,153.0,50.0,9.9644128113879,,,,,3RD,True
England,2026-07-13,1318.0,733.0,325.0,260.0,35.88770864946889,,,,,3RD,True
England,2026-07-14,1018.0,421.0,431.0,166.0,25.04911591355599,,,,,3RD,True
England,2026-07-15,773.0,355.0,341.0,77.0,35.963777490297545,L,Semi-final,Argentina,1-2 (0-0),3RD,True
England,2026-07-16,1057.0,181.0,445.0,431.0,-23.651844843897823,,,,,3RD,True
England,2026-07-17,1543.0,99.0,250.0,1194.0,-70.96565132858069,,,,,3RD,True
England,2026-07-18,818.0,15.0,281.0,522.0,-61.98044009779951,W,Third-place play-off,France,4-6 (0-4),3RD,True
England,2026-07-19,561.0,248.0,158.0,155.0,16.577540106951872,,,,,3RD,True
England,2026-07-20,664.0,417.0,185.0,62.0,53.463855421686745,,,,,3RD,True
England,2026-07-21,150.0,67.0,73.0,10.0,38.0,,,,,3RD,True
France,2026-06-11,181.0,59.0,120.0,2.0,31.49171270718232,,,,,4TH,True
France,2026-06-12,,,,,,,,,,4TH,False
France,2026-06-13,,,,,,,,,,4TH,False
France,2026-06-14,,,,,,,,,,4TH,False
France,2026-06-15,,,,,,,,,,4TH,False
France,2026-06-16,,,,,,W,Group stage,Senegal,3-1 (0-0),4TH,False
France,2026-06-17,,,,,,,,,,4TH,False
France,2026-06-18,383.0,320.0,63.0,0.0,83.55091383812011,,,,,4TH,True
France,2026-06-19,289.0,185.0,104.0,0.0,64.01384083044982,,,,,4TH,True
France,2026-06-20,,,,,,,,,,4TH,False
France,2026-06-21,,,,,,,,,,4TH,False
France,2026-06-22,,,,,,W,Group stage,Iraq,3-0 (1-0),4TH,False
France,2026-06-23,,,,,,,,,,4TH,False
France,2026-06-24,409.0,250.0,151.0,8.0,59.168704156479215,,,,,4TH,True
France,2026-06-25,425.0,247.0,171.0,7.0,56.470588235294116,,,,,4TH,True
France,2026-06-26,,,,,,W,Group stage,Norway,1-4 (1-3),4TH,False
France,2026-06-27,,,,,,,,,,4TH,False
France,2026-06-28,925.0,765.0,157.0,3.0,82.37837837837837,,,,,4TH,True
France,2026-06-29,,,,,,,,,,4TH,False
France,2026-06-30,,,,,,W,Round of 32,Sweden,3-0 (1-0),4TH,False
France,2026-07-01,,,,,,,,,,4TH,False
France,2026-07-02,1192.0,1034.0,127.0,31.0,84.14429530201342,,,,,4TH,True
France,2026-07-03,605.0,348.0,147.0,110.0,39.33884297520661,,,,,4TH,True
France,2026-07-04,,,,,,W,Round of 16,Paraguay,0-1 (0-0),4TH,False
France,2026-07-05,,,,,,,,,,4TH,False
France,2026-07-06,1064.0,625.0,283.0,156.0,44.078947368421055,,,,,4TH,True
France,2026-07-07,1014.0,603.0,314.0,97.0,49.90138067061144,,,,,4TH,True
France,2026-07-08,,,,,,,,,,4TH,False
France,2026-07-09,348.0,92.0,238.0,18.0,21.264367816091955,W,Quarter-final,Morocco,2-0 (0-0),4TH,True
France,2026-07-10,874.0,472.0,360.0,42.0,49.19908466819222,,,,,4TH,True
France,2026-07-11,1916.0,1406.0,273.0,237.0,61.012526096033405,,,,,4TH,True
France,2026-07-12,949.0,330.0,462.0,157.0,18.229715489989463,,,,,4TH,True
France,2026-07-13,443.0,143.0,262.0,38.0,23.702031602708804,,,,,4TH,True
France,2026-07-14,359.0,90.0,230.0,39.0,14.206128133704736,L,Semi-final,Spain,0-2 (0-1),4TH,True
France,2026-07-15,1912.0,328.0,228.0,1356.0,-53.76569037656904,,,,,4TH,True
France,2026-07-16,2246.0,34.0,135.0,2077.0,-90.96170970614426,,,,,4TH,True
France,2026-07-17,267.0,3.0,70.0,194.0,-71.53558052434457,,,,,4TH,True
France,2026-07-18,300.0,37.0,123.0,140.0,-34.333333333333336,L,Third-place play-off,England,4-6 (0-4),4TH,True
France,2026-07-19,535.0,56.0,205.0,274.0,-40.74766355140187,,,,,4TH,True
France,2026-07-20,682.0,218.0,353.0,111.0,15.689149560117302,,,,,4TH,True
France,2026-07-21,177.0,60.0,90.0,27.0,18.64406779661017,,,,,4TH,True
Morocco,2026-06-11,180.0,152.0,28.0,0.0,84.44444444444444,,,,,QF,True
Morocco,2026-06-12,206.0,192.0,14.0,0.0,93.20388349514563,,,,,QF,True
Morocco,2026-06-13,468.0,431.0,37.0,0.0,92.09401709401709,D,Group stage,Brazil,1-1 (1-1),QF,True
Morocco,2026-06-14,756.0,662.0,94.0,0.0,87.56613756613757,,,,,QF,True
Morocco,2026-06-15,1687.0,1498.0,187.0,2.0,88.67812685240071,,,,,QF,True
Morocco,2026-06-16,1615.0,1514.0,101.0,0.0,93.74613003095975,,,,,QF,True
Morocco,2026-06-17,,,,,,,,,,QF,False
Morocco,2026-06-18,,,,,,,,,,QF,False
Morocco,2026-06-19,,,,,,W,Group stage,Scotland,0-1 (0-1),QF,False
Morocco,2026-06-20,,,,,,,,,,QF,False
Morocco,2026-06-21,829.0,793.0,36.0,0.0,95.65741857659832,,,,,QF,True
Morocco,2026-06-22,404.0,334.0,65.0,5.0,81.43564356435644,,,,,QF,True
Morocco,2026-06-23,,,,,,,,,,QF,False
Morocco,2026-06-24,,,,,,W,Group stage,Haiti,4-2 (2-2),QF,False
Morocco,2026-06-25,,,,,,,,,,QF,False
Morocco,2026-06-26,650.0,476.0,174.0,0.0,73.23076923076923,,,,,QF,True
Morocco,2026-06-27,,,,,,,,,,QF,False
Morocco,2026-06-28,,,,,,,,,,QF,False
Morocco,2026-06-29,,,,,,W,Round of 32,Netherlands,"1-1 AET (1-1, 0-0) 2-3 PSO",QF,False
Morocco,2026-06-30,,,,,,,,,,QF,False
Morocco,2026-07-01,2073.0,2050.0,23.0,0.0,98.89049686444766,,,,,QF,True
Morocco,2026-07-02,2214.0,2161.0,53.0,0.0,97.60614272809394,,,,,QF,True
Morocco,2026-07-03,,,,,,,,,,QF,False
Morocco,2026-07-04,,,,,,W,Round of 16,Canada,0-3 (0-0),QF,False
Morocco,2026-07-05,889.0,849.0,40.0,0.0,95.50056242969629,,,,,QF,True
Morocco,2026-07-06,1447.0,1402.0,41.0,4.0,96.61368348306841,,,,,QF,True
Morocco,2026-07-07,507.0,460.0,46.0,1.0,90.53254437869822,,,,,QF,True
Morocco,2026-07-08,,,,,,,,,,QF,False
Morocco,2026-07-09,320.0,254.0,66.0,0.0,79.375,L,Quarter-final,France,2-0 (0-0),QF,True
Morocco,2026-07-10,1151.0,921.0,120.0,110.0,70.46046915725456,,,,,QF,True
Morocco,2026-07-11,1489.0,600.0,493.0,396.0,13.700470114170585,,,,,QF,True
Morocco,2026-07-12,543.0,363.0,36.0,144.0,40.331491712707184,,,,,QF,True
Morocco,2026-07-13,247.0,208.0,37.0,2.0,83.40080971659918,,,,,QF,True
Morocco,2026-07-14,,,,,,,,,,QF,False
Morocco,2026-07-15,,,,,,,,,,QF,False
Morocco,2026-07-16,363.0,237.0,126.0,0.0,65.2892561983471,,,,,QF,True
Morocco,2026-07-17,,,,,,,,,,QF,False
Morocco,2026-07-18,,,,,,,,,,QF,False
Morocco,2026-07-19,,,,,,,,,,QF,False
Morocco,2026-07-20,58.0,49.0,7.0,2.0,81.03448275862068,,,,,QF,True
Morocco,2026-07-21,,,,,,,,,,QF,False
Norway,2026-06-11,,,,,,,,,,QF,False
Norway,2026-06-12,,,,,,,,,,QF,False
Norway,2026-06-13,,,,,,,,,,QF,False
Norway,2026-06-14,,,,,,,,,,QF,False
Norway,2026-06-15,,,,,,,,,,QF,False
Norway,2026-06-16,,,,,,W,Group stage,Iraq,1-4 (1-2),QF,False
Norway,2026-06-17,,,,,,,,,,QF,False
Norway,2026-06-18,,,,,,,,,,QF,False
Norway,2026-06-19,,,,,,,,,,QF,False
Norway,2026-06-20,,,,,,,,,,QF,False
Norway,2026-06-21,,,,,,,,,,QF,False
Norway,2026-06-22,,,,,,W,Group stage,Senegal,3-2 (1-0),QF,False
Norway,2026-06-23,,,,,,,,,,QF,False
Norway,2026-06-24,,,,,,,,,,QF,False
Norway,2026-06-25,447.0,415.0,32.0,0.0,92.84116331096197,,,,,QF,True
Norway,2026-06-26,,,,,,L,Group stage,France,1-4 (1-3),QF,False
Norway,2026-06-27,,,,,,,,,,QF,False
Norway,2026-06-28,560.0,2.0,216.0,342.0,-60.714285714285715,,,,,QF,True
Norway,2026-06-29,,,,,,,,,,QF,False
Norway,2026-06-30,,,,,,W,Round of 32,Côte d'Ivoire,1-2 (0-1),QF,False
Norway,2026-07-01,,,,,,,,,,QF,False
Norway,2026-07-02,606.0,567.0,26.0,13.0,91.41914191419141,,,,,QF,True
Norway,2026-07-03,,,,,,,,,,QF,False
Norway,2026-07-04,,,,,,,,,,QF,False
Norway,2026-07-05,,,,,,W,Round of 16,Brazil,1-2 (0-0),QF,False
Norway,2026-07-06,796.0,678.0,106.0,12.0,83.66834170854271,,,,,QF,True
Norway,2026-07-07,2514.0,2134.0,205.0,175.0,77.9236276849642,,,,,QF,True
Norway,2026-07-08,861.0,672.0,80.0,109.0,65.3890824622532,,,,,QF,True
Norway,2026-07-09,,,,,,,,,,QF,False
Norway,2026-07-10,212.0,175.0,32.0,5.0,80.18867924528301,,,,,QF,True
Norway,2026-07-11,181.0,124.0,47.0,10.0,62.98342541436464,L,Quarter-final,England,"1-2 AET (1-1, 1-1)",QF,True
Norway,2026-07-12,388.0,311.0,71.0,6.0,78.6082474226804,,,,,QF,True
Norway,2026-07-13,1232.0,789.0,99.0,344.0,36.12012987012987,,,,,QF,True
Norway,2026-07-14,702.0,386.0,120.0,196.0,27.065527065527064,,,,,QF,True
Norway,2026-07-15,349.0,190.0,79.0,80.0,31.51862464183381,,,,,QF,True
Norway,2026-07-16,,,,,,,,,,QF,False
Norway,2026-07-17,50.0,6.0,43.0,1.0,10.0,,,,,QF,True
Norway,2026-07-18,,,,,,,,,,QF,False
Norway,2026-07-19,,,,,,,,,,QF,False
Norway,2026-07-20,,,,,,,,,,QF,False
Norway,2026-07-21,34.0,17.0,7.0,10.0,20.58823529411765,,,,,QF,True
Belgium,2026-06-11,,,,,,,,,,QF,False
Belgium,2026-06-12,,,,,,,,,,QF,False
Belgium,2026-06-13,,,,,,,,,,QF,False
Belgium,2026-06-14,,,,,,,,,,QF,False
Belgium,2026-06-15,,,,,,D,Group stage,Egypt,1-1 (0-1),QF,False
Belgium,2026-06-16,,,,,,,,,,QF,False
Belgium,2026-06-17,,,,,,,,,,QF,False
Belgium,2026-06-18,,,,,,,,,,QF,False
Belgium,2026-06-19,,,,,,,,,,QF,False
Belgium,2026-06-20,,,,,,,,,,QF,False
Belgium,2026-06-21,,,,,,D,Group stage,IR Iran,0-0,QF,False
Belgium,2026-06-22,,,,,,,,,,QF,False
Belgium,2026-06-23,,,,,,,,,,QF,False
Belgium,2026-06-24,,,,,,,,,,QF,False
Belgium,2026-06-25,,,,,,,,,,QF,False
Belgium,2026-06-26,,,,,,W,Group stage,New Zealand,1-5 (0-1),QF,False
Belgium,2026-06-27,,,,,,,,,,QF,False
Belgium,2026-06-28,,,,,,,,,,QF,False
Belgium,2026-06-29,,,,,,,,,,QF,False
Belgium,2026-06-30,,,,,,,,,,QF,False
Belgium,2026-07-01,,,,,,W,Round of 32,Senegal,"3-2 AET (2-2, 0-1)",QF,False
Belgium,2026-07-02,,,,,,,,,,QF,False
Belgium,2026-07-03,973.0,660.0,260.0,53.0,62.38437821171634,,,,,QF,True
Belgium,2026-07-04,,,,,,,,,,QF,False
Belgium,2026-07-05,,,,,,,,,,QF,False
Belgium,2026-07-06,,,,,,W,Round of 16,USA,1-4 (1-2),QF,False
Belgium,2026-07-07,,,,,,,,,,QF,False
Belgium,2026-07-08,1090.0,1054.0,28.0,8.0,95.96330275229357,,,,,QF,True
Belgium,2026-07-09,355.0,325.0,30.0,0.0,91.54929577464789,,,,,QF,True
Belgium,2026-07-10,,,,,,L,Quarter-final,Spain,2-1 (1-1),QF,False
Belgium,2026-07-11,245.0,54.0,96.0,95.0,-16.73469387755102,,,,,QF,True
Belgium,2026-07-12,620.0,150.0,187.0,283.0,-21.451612903225808,,,,,QF,True
Belgium,2026-07-13,,,,,,,,,,QF,False
Belgium,2026-07-14,,,,,,,,,,QF,False
Belgium,2026-07-15,,,,,,,,,,QF,False
Belgium,2026-07-16,,,,,,,,,,QF,False
Belgium,2026-07-17,,,,,,,,,,QF,False
Belgium,2026-07-18,,,,,,,,,,QF,False
Belgium,2026-07-19,,,,,,,,,,QF,False
Belgium,2026-07-20,,,,,,,,,,QF,False
Belgium,2026-07-21,,,,,,,,,,QF,False
Switzerland,2026-06-11,,,,,,,,,,QF,False
Switzerland,2026-06-12,,,,,,,,,,QF,False
Switzerland,2026-06-13,,,,,,D,Group stage,Qatar,1-1 (0-1),QF,False
Switzerland,2026-06-14,,,,,,,,,,QF,False
Switzerland,2026-06-15,,,,,,,,,,QF,False
Switzerland,2026-06-16,,,,,,,,,,QF,False
Switzerland,2026-06-17,,,,,,,,,,QF,False
Switzerland,2026-06-18,,,,,,W,Group stage,Bosnia and Herzegovina,4-1 (0-0),QF,False
Switzerland,2026-06-19,,,,,,,,,,QF,False
Switzerland,2026-06-20,,,,,,,,,,QF,False
Switzerland,2026-06-21,,,,,,,,,,QF,False
Switzerland,2026-06-22,,,,,,,,,,QF,False
Switzerland,2026-06-23,,,,,,,,,,QF,False
Switzerland,2026-06-24,,,,,,W,Group stage,Canada,2-1 (0-0),QF,False
Switzerland,2026-06-25,,,,,,,,,,QF,False
Switzerland,2026-06-26,,,,,,,,,,QF,False
Switzerland,2026-06-27,,,,,,,,,,QF,False
Switzerland,2026-06-28,,,,,,,,,,QF,False
Switzerland,2026-06-29,,,,,,,,,,QF,False
Switzerland,2026-06-30,,,,,,,,,,QF,False
Switzerland,2026-07-01,,,,,,,,,,QF,False
Switzerland,2026-07-02,,,,,,W,Round of 32,Algeria,2-0 (1-0),QF,False
Switzerland,2026-07-03,,,,,,,,,,QF,False
Switzerland,2026-07-04,380.0,244.0,111.0,25.0,57.63157894736842,,,,,QF,True
Switzerland,2026-07-05,,,,,,,,,,QF,False
Switzerland,2026-07-06,,,,,,,,,,QF,False
Switzerland,2026-07-07,,,,,,W,Round of 16,Colombia,0-0 AET 4-3 PSO,QF,False
Switzerland,2026-07-08,,,,,,,,,,QF,False
Switzerland,2026-07-09,287.0,193.0,94.0,0.0,67.24738675958189,,,,,QF,True
Switzerland,2026-07-10,,,,,,,,,,QF,False
Switzerland,2026-07-11,,,,,,L,Quarter-final,Argentina,"3-1 AET (1-1, 1-0)",QF,False
Switzerland,2026-07-12,,,,,,,,,,QF,False
Switzerland,2026-07-13,820.0,133.0,426.0,261.0,-15.609756097560975,,,,,QF,True
Switzerland,2026-07-14,911.0,73.0,405.0,433.0,-39.51701427003293,,,,,QF,True
Switzerland,2026-07-15,,,,,,,,,,QF,False
Switzerland,2026-07-16,,,,,,,,,,QF,False
Switzerland,2026-07-17,,,,,,,,,,QF,False
Switzerland,2026-07-18,,,,,,,,,,QF,False
Switzerland,2026-07-19,,,,,,,,,,QF,False
Switzerland,2026-07-20,,,,,,,,,,QF,False
Switzerland,2026-07-21,,,,,,,,,,QF,False
Brazil,2026-06-11,964.0,619.0,219.0,126.0,51.14107883817427,,,,,R16,True
Brazil,2026-06-12,852.0,637.0,174.0,41.0,69.9530516431925,,,,,R16,True
Brazil,2026-06-13,1196.0,752.0,338.0,106.0,54.013377926421406,D,Group stage,Morocco,1-1 (1-1),R16,True
Brazil,2026-06-14,855.0,485.0,289.0,81.0,47.251461988304094,,,,,R16,True
Brazil,2026-06-15,1980.0,436.0,735.0,809.0,-18.838383838383837,,,,,R16,True
Brazil,2026-06-16,2368.0,416.0,740.0,1212.0,-33.61486486486486,,,,,R16,True
Brazil,2026-06-17,1025.0,220.0,170.0,635.0,-40.48780487804878,,,,,R16,True
Brazil,2026-06-18,456.0,65.0,126.0,265.0,-43.85964912280702,,,,,R16,True
Brazil,2026-06-19,,,,,,W,Group stage,Haiti,3-0 (3-0),R16,False
Brazil,2026-06-20,1131.0,703.0,131.0,297.0,35.8974358974359,,,,,R16,True
Brazil,2026-06-21,1793.0,1290.0,272.0,231.0,59.06302286670385,,,,,R16,True
Brazil,2026-06-22,1870.0,1258.0,235.0,377.0,47.11229946524064,,,,,R16,True
Brazil,2026-06-23,917.0,617.0,139.0,161.0,49.727371864776444,,,,,R16,True
Brazil,2026-06-24,614.0,171.0,149.0,294.0,-20.03257328990228,W,Group stage,Scotland,0-3 (0-2),R16,True
Brazil,2026-06-25,765.0,553.0,68.0,144.0,53.4640522875817,,,,,R16,True
Brazil,2026-06-26,1708.0,1435.0,155.0,118.0,77.10772833723654,,,,,R16,True
Brazil,2026-06-27,1454.0,957.0,422.0,75.0,60.66024759284732,,,,,R16,True
Brazil,2026-06-28,1128.0,488.0,619.0,21.0,41.40070921985816,,,,,R16,True
Brazil,2026-06-29,799.0,450.0,275.0,74.0,47.05882352941177,W,Round of 32,Japan,2-1 (0-1),R16,True
Brazil,2026-06-30,2061.0,1441.0,576.0,44.0,67.78262979136342,,,,,R16,True
Brazil,2026-07-01,4139.0,2557.0,1308.0,274.0,55.158250785213816,,,,,R16,True
Brazil,2026-07-02,2059.0,1286.0,676.0,97.0,57.74647887323944,,,,,R16,True
Brazil,2026-07-03,903.0,631.0,213.0,59.0,63.34440753045404,,,,,R16,True
Brazil,2026-07-04,681.0,531.0,120.0,30.0,73.568281938326,,,,,R16,True
Brazil,2026-07-05,835.0,488.0,269.0,78.0,49.10179640718563,L,Round of 16,Norway,1-2 (0-0),R16,True
Brazil,2026-07-06,1576.0,416.0,230.0,930.0,-32.61421319796954,,,,,R16,True
Brazil,2026-07-07,5532.0,478.0,466.0,4588.0,-74.29501084598698,,,,,R16,True
Brazil,2026-07-08,2901.0,459.0,278.0,2164.0,-58.7728369527749,,,,,R16,True
Brazil,2026-07-09,520.0,207.0,109.0,204.0,0.5769230769230769,,,,,R16,True
Brazil,2026-07-10,445.0,119.0,226.0,100.0,4.269662921348314,,,,,R16,True
Brazil,2026-07-11,926.0,450.0,282.0,194.0,27.645788336933045,,,,,R16,True
Brazil,2026-07-12,468.0,172.0,107.0,189.0,-3.6324786324786325,,,,,R16,True
Brazil,2026-07-13,319.0,136.0,89.0,94.0,13.16614420062696,,,,,R16,True
Brazil,2026-07-14,320.0,105.0,96.0,119.0,-4.375,,,,,R16,True
Brazil,2026-07-15,646.0,406.0,130.0,110.0,45.82043343653251,,,,,R16,True
Brazil,2026-07-16,346.0,214.0,127.0,5.0,60.40462427745665,,,,,R16,True
Brazil,2026-07-17,172.0,58.0,113.0,1.0,33.13953488372093,,,,,R16,True
Brazil,2026-07-18,160.0,84.0,54.0,22.0,38.75,,,,,R16,True
Brazil,2026-07-19,193.0,82.0,91.0,20.0,32.12435233160622,,,,,R16,True
Brazil,2026-07-20,223.0,46.0,47.0,130.0,-37.66816143497758,,,,,R16,True
Brazil,2026-07-21,107.0,47.0,50.0,10.0,34.57943925233645,,,,,R16,True
Portugal,2026-06-11,809.0,511.0,223.0,75.0,53.89369592088999,,,,,R16,True
Portugal,2026-06-12,590.0,367.0,200.0,23.0,58.30508474576271,,,,,R16,True
Portugal,2026-06-13,332.0,248.0,69.0,15.0,70.18072289156626,,,,,R16,True
Portugal,2026-06-14,367.0,163.0,171.0,33.0,35.42234332425068,,,,,R16,True
Portugal,2026-06-15,,,,,,,,,,R16,False
Portugal,2026-06-16,,,,,,,,,,R16,False
Portugal,2026-06-17,,,,,,D,Group stage,Congo DR,1-1 (1-1),R16,False
Portugal,2026-06-18,714.0,221.0,77.0,416.0,-27.310924369747898,,,,,R16,True
Portugal,2026-06-19,1003.0,167.0,126.0,710.0,-54.13758723828514,,,,,R16,True
Portugal,2026-06-20,854.0,194.0,147.0,513.0,-37.3536299765808,,,,,R16,True
Portugal,2026-06-21,376.0,164.0,45.0,167.0,-0.7978723404255319,,,,,R16,True
Portugal,2026-06-22,500.0,177.0,88.0,235.0,-11.6,,,,,R16,True
Portugal,2026-06-23,,,,,,W,Group stage,Uzbekistan,5-0 (3-0),R16,False
Portugal,2026-06-24,1015.0,608.0,131.0,276.0,32.70935960591133,,,,,R16,True
Portugal,2026-06-25,1664.0,1039.0,272.0,353.0,41.22596153846154,,,,,R16,True
Portugal,2026-06-26,547.0,320.0,219.0,8.0,57.03839122486289,,,,,R16,True
Portugal,2026-06-27,396.0,302.0,62.0,32.0,68.18181818181819,D,Group stage,Colombia,0-0,R16,True
Portugal,2026-06-28,420.0,306.0,97.0,17.0,68.80952380952381,,,,,R16,True
Portugal,2026-06-29,964.0,278.0,174.0,512.0,-24.273858921161825,,,,,R16,True
Portugal,2026-06-30,1280.0,345.0,360.0,575.0,-17.96875,,,,,R16,True
Portugal,2026-07-01,,,,,,,,,,R16,False
Portugal,2026-07-02,,,,,,W,Round of 32,Croatia,2-1 (0-0),R16,False
Portugal,2026-07-03,,,,,,,,,,R16,False
Portugal,2026-07-04,1847.0,1353.0,287.0,207.0,62.04656199242014,,,,,R16,True
Portugal,2026-07-05,2059.0,1193.0,552.0,314.0,42.690626517727054,,,,,R16,True
Portugal,2026-07-06,384.0,126.0,176.0,82.0,11.458333333333334,L,Round of 16,Spain,0-1 (0-0),R16,True
Portugal,2026-07-07,1429.0,347.0,295.0,787.0,-30.790762771168648,,,,,R16,True
Portugal,2026-07-08,2215.0,395.0,273.0,1547.0,-52.00902934537246,,,,,R16,True
Portugal,2026-07-09,852.0,200.0,193.0,459.0,-30.399061032863848,,,,,R16,True
Portugal,2026-07-10,608.0,177.0,147.0,284.0,-17.598684210526315,,,,,R16,True
Portugal,2026-07-11,373.0,141.0,92.0,140.0,0.2680965147453083,,,,,R16,True
Portugal,2026-07-12,263.0,90.0,91.0,82.0,3.041825095057034,,,,,R16,True
Portugal,2026-07-13,374.0,154.0,83.0,137.0,4.545454545454546,,,,,R16,True
Portugal,2026-07-14,182.0,57.0,63.0,62.0,-2.7472527472527473,,,,,R16,True
Portugal,2026-07-15,436.0,289.0,100.0,47.0,55.5045871559633,,,,,R16,True
Portugal,2026-07-16,166.0,78.0,66.0,22.0,33.734939759036145,,,,,R16,True
Portugal,2026-07-17,113.0,31.0,53.0,29.0,1.7699115044247788,,,,,R16,True
Portugal,2026-07-18,416.0,290.0,56.0,70.0,52.88461538461539,,,,,R16,True
Portugal,2026-07-19,218.0,81.0,125.0,12.0,31.65137614678899,,,,,R16,True
Portugal,2026-07-20,208.0,90.0,17.0,101.0,-5.288461538461538,,,,,R16,True
Portugal,2026-07-21,166.0,41.0,59.0,66.0,-15.060240963855422,,,,,R16,True
Mexico,2026-06-11,321.0,206.0,75.0,40.0,51.71339563862929,W,Group stage,South Africa,2-0 (1-0),R16,True
Mexico,2026-06-12,958.0,672.0,186.0,100.0,59.707724425887264,,,,,R16,True
Mexico,2026-06-13,1376.0,1145.0,120.0,111.0,75.1453488372093,,,,,R16,True
Mexico,2026-06-14,1083.0,1012.0,69.0,2.0,93.25946445060019,,,,,R16,True
Mexico,2026-06-15,700.0,621.0,62.0,17.0,86.28571428571429,,,,,R16,True
Mexico,2026-06-16,,,,,,,,,,R16,False
Mexico,2026-06-17,,,,,,,,,,R16,False
Mexico,2026-06-18,,,,,,W,Group stage,Korea Republic,1-0 (0-0),R16,False
Mexico,2026-06-19,,,,,,,,,,R16,False
Mexico,2026-06-20,805.0,401.0,348.0,56.0,42.857142857142854,,,,,R16,True
Mexico,2026-06-21,716.0,514.0,142.0,60.0,63.40782122905028,,,,,R16,True
Mexico,2026-06-22,,,,,,,,,,R16,False
Mexico,2026-06-23,,,,,,,,,,R16,False
Mexico,2026-06-24,,,,,,W,Group stage,Czechia,0-3 (0-0),R16,False
Mexico,2026-06-25,,,,,,,,,,R16,False
Mexico,2026-06-26,624.0,537.0,85.0,2.0,85.73717948717949,,,,,R16,True
Mexico,2026-06-27,1008.0,857.0,38.0,113.0,73.80952380952381,,,,,R16,True
Mexico,2026-06-28,,,,,,,,,,R16,False
Mexico,2026-06-29,,,,,,,,,,R16,False
Mexico,2026-06-30,,,,,,W,Round of 32,Ecuador,2-0 (2-0),R16,False
Mexico,2026-07-01,565.0,311.0,119.0,135.0,31.150442477876105,,,,,R16,True
Mexico,2026-07-02,859.0,740.0,99.0,20.0,83.81839348079161,,,,,R16,True
Mexico,2026-07-03,1876.0,1548.0,216.0,112.0,76.54584221748401,,,,,R16,True
Mexico,2026-07-04,,,,,,,,,,R16,False
Mexico,2026-07-05,,,,,,L,Round of 16,England,2-3 (1-2),R16,False
Mexico,2026-07-06,469.0,265.0,175.0,29.0,50.31982942430704,,,,,R16,True
Mexico,2026-07-07,1184.0,551.0,301.0,332.0,18.49662162162162,,,,,R16,True
Mexico,2026-07-08,1415.0,567.0,175.0,673.0,-7.491166077738516,,,,,R16,True
Mexico,2026-07-09,,,,,,,,,,R16,False
Mexico,2026-07-10,,,,,,,,,,R16,False
Mexico,2026-07-11,,,,,,,,,,R16,False
Mexico,2026-07-12,,,,,,,,,,R16,False
Mexico,2026-07-13,,,,,,,,,,R16,False
Mexico,2026-07-14,,,,,,,,,,R16,False
Mexico,2026-07-15,,,,,,,,,,R16,False
Mexico,2026-07-16,,,,,,,,,,R16,False
Mexico,2026-07-17,,,,,,,,,,R16,False
Mexico,2026-07-18,,,,,,,,,,R16,False
Mexico,2026-07-19,,,,,,,,,,R16,False
Mexico,2026-07-20,,,,,,,,,,R16,False
Mexico,2026-07-21,,,,,,,,,,R16,False
Egypt,2026-06-11,,,,,,,,,,R16,False
Egypt,2026-06-12,,,,,,,,,,R16,False
Egypt,2026-06-13,,,,,,,,,,R16,False
Egypt,2026-06-14,,,,,,,,,,R16,False
Egypt,2026-06-15,,,,,,D,Group stage,Belgium,1-1 (0-1),R16,False
Egypt,2026-06-16,639.0,594.0,45.0,0.0,92.95774647887323,,,,,R16,True
Egypt,2026-06-17,609.0,575.0,33.0,1.0,94.25287356321839,,,,,R16,True
Egypt,2026-06-18,,,,,,,,,,R16,False
Egypt,2026-06-19,,,,,,,,,,R16,False
Egypt,2026-06-20,,,,,,,,,,R16,False
Egypt,2026-06-21,,,,,,W,Group stage,New Zealand,1-3 (1-0),R16,False
Egypt,2026-06-22,,,,,,,,,,R16,False
Egypt,2026-06-23,306.0,283.0,17.0,6.0,90.52287581699346,,,,,R16,True
Egypt,2026-06-24,533.0,530.0,3.0,0.0,99.43714821763602,,,,,R16,True
Egypt,2026-06-25,,,,,,,,,,R16,False
Egypt,2026-06-26,,,,,,D,Group stage,IR Iran,1-1 (1-1),R16,False
Egypt,2026-06-27,,,,,,,,,,R16,False
Egypt,2026-06-28,,,,,,,,,,R16,False
Egypt,2026-06-29,,,,,,,,,,R16,False
Egypt,2026-06-30,,,,,,,,,,R16,False
Egypt,2026-07-01,,,,,,,,,,R16,False
Egypt,2026-07-02,,,,,,,,,,R16,False
Egypt,2026-07-03,,,,,,W,Round of 32,Australia,"1-1 AET (1-1, 0-1) 2-4 PSO",R16,False
Egypt,2026-07-04,357.0,319.0,25.0,13.0,85.71428571428571,,,,,R16,True
Egypt,2026-07-05,711.0,654.0,51.0,6.0,91.13924050632912,,,,,R16,True
Egypt,2026-07-06,,,,,,,,,,R16,False
Egypt,2026-07-07,,,,,,L,Round of 16,Argentina,3-2 (0-1),R16,False
Egypt,2026-07-08,917.0,722.0,164.0,31.0,75.35441657579062,,,,,R16,True
Egypt,2026-07-09,2918.0,2219.0,498.0,201.0,69.15695681973955,,,,,R16,True
Egypt,2026-07-10,1624.0,1001.0,240.0,383.0,38.05418719211823,,,,,R16,True
Egypt,2026-07-11,433.0,167.0,156.0,110.0,13.163972286374134,,,,,R16,True
Egypt,2026-07-12,226.0,111.0,115.0,0.0,49.11504424778761,,,,,R16,True
Egypt,2026-07-13,392.0,298.0,78.0,16.0,71.93877551020408,,,,,R16,True
Egypt,2026-07-14,147.0,97.0,41.0,9.0,59.863945578231295,,,,,R16,True
Egypt,2026-07-15,,,,,,,,,,R16,False
Egypt,2026-07-16,61.0,44.0,14.0,3.0,67.21311475409836,,,,,R16,True
Egypt,2026-07-17,47.0,23.0,22.0,2.0,44.680851063829785,,,,,R16,True
Egypt,2026-07-18,72.0,0.0,21.0,51.0,-70.83333333333333,,,,,R16,True
Egypt,2026-07-19,,,,,,,,,,R16,False
Egypt,2026-07-20,79.0,5.0,29.0,45.0,-50.63291139240506,,,,,R16,True
Egypt,2026-07-21,66.0,22.0,44.0,0.0,33.333333333333336,,,,,R16,True
Paraguay,2026-06-11,,,,,,,,,,R16,False
Paraguay,2026-06-12,,,,,,L,Group stage,USA,4-1 (3-0),R16,False
Paraguay,2026-06-13,,,,,,,,,,R16,False
Paraguay,2026-06-14,,,,,,,,,,R16,False
Paraguay,2026-06-15,316.0,0.0,22.0,294.0,-93.0379746835443,,,,,R16,True
Paraguay,2026-06-16,,,,,,,,,,R16,False
Paraguay,2026-06-17,,,,,,,,,,R16,False
Paraguay,2026-06-18,,,,,,,,,,R16,False
Paraguay,2026-06-19,,,,,,W,Group stage,Türkiye,0-1 (0-1),R16,False
Paraguay,2026-06-20,,,,,,,,,,R16,False
Paraguay,2026-06-21,,,,,,,,,,R16,False
Paraguay,2026-06-22,,,,,,,,,,R16,False
Paraguay,2026-06-23,,,,,,,,,,R16,False
Paraguay,2026-06-24,,,,,,,,,,R16,False
Paraguay,2026-06-25,,,,,,D,Group stage,Australia,0-0,R16,False
Paraguay,2026-06-26,,,,,,,,,,R16,False
Paraguay,2026-06-27,,,,,,,,,,R16,False
Paraguay,2026-06-28,,,,,,,,,,R16,False
Paraguay,2026-06-29,,,,,,W,Round of 32,Germany,"1-1 AET (1-1, 0-1) 3-4 PSO",R16,False
Paraguay,2026-06-30,,,,,,,,,,R16,False
Paraguay,2026-07-01,1332.0,1301.0,29.0,2.0,97.52252252252252,,,,,R16,True
Paraguay,2026-07-02,,,,,,,,,,R16,False
Paraguay,2026-07-03,,,,,,,,,,R16,False
Paraguay,2026-07-04,,,,,,L,Round of 16,France,0-1 (0-0),R16,False
Paraguay,2026-07-05,,,,,,,,,,R16,False
Paraguay,2026-07-06,1094.0,46.0,90.0,958.0,-83.36380255941499,,,,,R16,True
Paraguay,2026-07-07,927.0,16.0,26.0,885.0,-93.74325782092772,,,,,R16,True
Paraguay,2026-07-08,,,,,,,,,,R16,False
Paraguay,2026-07-09,,,,,,,,,,R16,False
Paraguay,2026-07-10,,,,,,,,,,R16,False
Paraguay,2026-07-11,,,,,,,,,,R16,False
Paraguay,2026-07-12,,,,,,,,,,R16,False
Paraguay,2026-07-13,,,,,,,,,,R16,False
Paraguay,2026-07-14,,,,,,,,,,R16,False
Paraguay,2026-07-15,,,,,,,,,,R16,False
Paraguay,2026-07-16,,,,,,,,,,R16,False
Paraguay,2026-07-17,,,,,,,,,,R16,False
Paraguay,2026-07-18,,,,,,,,,,R16,False
Paraguay,2026-07-19,,,,,,,,,,R16,False
Paraguay,2026-07-20,,,,,,,,,,R16,False
Paraguay,2026-07-21,,,,,,,,,,R16,False
Colombia,2026-06-11,,,,,,,,,,R16,False
Colombia,2026-06-12,,,,,,,,,,R16,False
Colombia,2026-06-13,,,,,,,,,,R16,False
Colombia,2026-06-14,,,,,,,,,,R16,False
Colombia,2026-06-15,,,,,,,,,,R16,False
Colombia,2026-06-16,,,,,,,,,,R16,False
Colombia,2026-06-17,,,,,,W,Group stage,Uzbekistan,1-3 (0-1),R16,False
Colombia,2026-06-18,,,,,,,,,,R16,False
Colombia,2026-06-19,327.0,299.0,28.0,0.0,91.43730886850153,,,,,R16,True
Colombia,2026-06-20,400.0,315.0,78.0,7.0,77.0,,,,,R16,True
Colombia,2026-06-21,,,,,,,,,,R16,False
Colombia,2026-06-22,,,,,,,,,,R16,False
Colombia,2026-06-23,,,,,,W,Group stage,Congo DR,1-0 (0-0),R16,False
Colombia,2026-06-24,,,,,,,,,,R16,False
Colombia,2026-06-25,,,,,,,,,,R16,False
Colombia,2026-06-26,342.0,291.0,43.0,8.0,82.74853801169591,,,,,R16,True
Colombia,2026-06-27,,,,,,D,Group stage,Portugal,0-0,R16,False
Colombia,2026-06-28,,,,,,,,,,R16,False
Colombia,2026-06-29,587.0,425.0,113.0,49.0,64.05451448040886,,,,,R16,True
Colombia,2026-06-30,694.0,573.0,103.0,18.0,79.97118155619597,,,,,R16,True
Colombia,2026-07-01,,,,,,,,,,R16,False
Colombia,2026-07-02,,,,,,,,,,R16,False
Colombia,2026-07-03,,,,,,W,Round of 32,Ghana,1-0 (1-0),R16,False
Colombia,2026-07-04,,,,,,,,,,R16,False
Colombia,2026-07-05,,,,,,,,,,R16,False
Colombia,2026-07-06,,,,,,,,,,R16,False
Colombia,2026-07-07,,,,,,L,Round of 16,Switzerland,0-0 AET 4-3 PSO,R16,False
Colombia,2026-07-08,,,,,,,,,,R16,False
Colombia,2026-07-09,405.0,49.0,146.0,210.0,-39.75308641975309,,,,,R16,True
Colombia,2026-07-10,,,,,,,,,,R16,False
Colombia,2026-07-11,,,,,,,,,,R16,False
Colombia,2026-07-12,,,,,,,,,,R16,False
Colombia,2026-07-13,,,,,,,,,,R16,False
Colombia,2026-07-14,,,,,,,,,,R16,False
Colombia,2026-07-15,,,,,,,,,,R16,False
Colombia,2026-07-16,,,,,,,,,,R16,False
Colombia,2026-07-17,,,,,,,,,,R16,False
Colombia,2026-07-18,,,,,,,,,,R16,False
Colombia,2026-07-19,,,,,,,,,,R16,False
Colombia,2026-07-20,,,,,,,,,,R16,False
Colombia,2026-07-21,,,,,,,,,,R16,False
USA,2026-06-11,,,,,,,,,,R16,False
USA,2026-06-12,,,,,,W,Group stage,Paraguay,4-1 (3-0),R16,False
USA,2026-06-13,277.0,96.0,82.0,99.0,-1.0830324909747293,,,,,R16,True
USA,2026-06-14,438.0,246.0,31.0,161.0,19.40639269406393,,,,,R16,True
USA,2026-06-15,712.0,577.0,30.0,105.0,66.29213483146067,,,,,R16,True
USA,2026-06-16,,,,,,,,,,R16,False
USA,2026-06-17,,,,,,,,,,R16,False
USA,2026-06-18,,,,,,,,,,R16,False
USA,2026-06-19,,,,,,W,Group stage,Australia,2-0 (2-0),R16,False
USA,2026-06-20,,,,,,,,,,R16,False
USA,2026-06-21,,,,,,,,,,R16,False
USA,2026-06-22,,,,,,,,,,R16,False
USA,2026-06-23,,,,,,,,,,R16,False
USA,2026-06-24,,,,,,,,,,R16,False
USA,2026-06-25,,,,,,L,Group stage,Türkiye,3-2 (2-1),R16,False
USA,2026-06-26,,,,,,,,,,R16,False
USA,2026-06-27,,,,,,,,,,R16,False
USA,2026-06-28,466.0,0.0,306.0,160.0,-34.33476394849785,,,,,R16,True
USA,2026-06-29,,,,,,,,,,R16,False
USA,2026-06-30,,,,,,,,,,R16,False
USA,2026-07-01,,,,,,W,Round of 32,Bosnia and Herzegovina,2-0 (1-0),R16,False
USA,2026-07-02,,,,,,,,,,R16,False
USA,2026-07-03,,,,,,,,,,R16,False
USA,2026-07-04,,,,,,,,,,R16,False
USA,2026-07-05,,,,,,,,,,R16,False
USA,2026-07-06,,,,,,L,Round of 16,Belgium,1-4 (1-2),R16,False
USA,2026-07-07,,,,,,,,,,R16,False
USA,2026-07-08,667.0,0.0,2.0,665.0,-99.70014992503748,,,,,R16,True
USA,2026-07-09,,,,,,,,,,R16,False
USA,2026-07-10,177.0,0.0,3.0,174.0,-98.30508474576271,,,,,R16,True
USA,2026-07-11,,,,,,,,,,R16,False
USA,2026-07-12,,,,,,,,,,R16,False
USA,2026-07-13,,,,,,,,,,R16,False
USA,2026-07-14,,,,,,,,,,R16,False
USA,2026-07-15,,,,,,,,,,R16,False
USA,2026-07-16,,,,,,,,,,R16,False
USA,2026-07-17,,,,,,,,,,R16,False
USA,2026-07-18,,,,,,,,,,R16,False
USA,2026-07-19,,,,,,,,,,R16,False
USA,2026-07-20,,,,,,,,,,R16,False
USA,2026-07-21,,,,,,,,,,R16,False
Canada,2026-06-11,,,,,,,,,,R16,False
Canada,2026-06-12,,,,,,D,Group stage,Bosnia and Herzegovina,1-1 (0-1),R16,False
Canada,2026-06-13,252.0,112.0,95.0,45.0,26.58730158730159,,,,,R16,True
Canada,2026-06-14,,,,,,,,,,R16,False
Canada,2026-06-15,,,,,,,,,,R16,False
Canada,2026-06-16,,,,,,,,,,R16,False
Canada,2026-06-17,,,,,,,,,,R16,False
Canada,2026-06-18,,,,,,W,Group stage,Qatar,6-0 (3-0),R16,False
Canada,2026-06-19,,,,,,,,,,R16,False
Canada,2026-06-20,407.0,384.0,19.0,4.0,93.36609336609337,,,,,R16,True
Canada,2026-06-21,,,,,,,,,,R16,False
Canada,2026-06-22,,,,,,,,,,R16,False
Canada,2026-06-23,,,,,,,,,,R16,False
Canada,2026-06-24,,,,,,L,Group stage,Switzerland,2-1 (0-0),R16,False
Canada,2026-06-25,,,,,,,,,,R16,False
Canada,2026-06-26,,,,,,,,,,R16,False
Canada,2026-06-27,,,,,,,,,,R16,False
Canada,2026-06-28,,,,,,W,Round of 32,South Africa,0-1 (0-0),R16,False
Canada,2026-06-29,,,,,,,,,,R16,False
Canada,2026-06-30,462.0,448.0,14.0,0.0,96.96969696969697,,,,,R16,True
Canada,2026-07-01,,,,,,,,,,R16,False
Canada,2026-07-02,,,,,,,,,,R16,False
Canada,2026-07-03,,,,,,,,,,R16,False
Canada,2026-07-04,,,,,,L,Round of 16,Morocco,0-3 (0-0),R16,False
Canada,2026-07-05,,,,,,,,,,R16,False
Canada,2026-07-06,,,,,,,,,,R16,False
Canada,2026-07-07,,,,,,,,,,R16,False
Canada,2026-07-08,,,,,,,,,,R16,False
Canada,2026-07-09,,,,,,,,,,R16,False
Canada,2026-07-10,,,,,,,,,,R16,False
Canada,2026-07-11,,,,,,,,,,R16,False
Canada,2026-07-12,,,,,,,,,,R16,False
Canada,2026-07-13,,,,,,,,,,R16,False
Canada,2026-07-14,,,,,,,,,,R16,False
Canada,2026-07-15,,,,,,,,,,R16,False
Canada,2026-07-16,,,,,,,,,,R16,False
Canada,2026-07-17,,,,,,,,,,R16,False
Canada,2026-07-18,,,,,,,,,,R16,False
Canada,2026-07-19,,,,,,,,,,R16,False
Canada,2026-07-20,,,,,,,,,,R16,False
Canada,2026-07-21,,,,,,,,,,R16,False
Japan,2026-06-11,259.0,234.0,25.0,0.0,90.34749034749035,,,,,R32,True
Japan,2026-06-12,282.0,255.0,27.0,0.0,90.42553191489361,,,,,R32,True
Japan,2026-06-13,576.0,486.0,89.0,1.0,84.20138888888889,,,,,R32,True
Japan,2026-06-14,469.0,314.0,75.0,80.0,49.89339019189765,D,Group stage,Netherlands,2-2 (0-0),R32,True
Japan,2026-06-15,776.0,727.0,49.0,0.0,93.68556701030928,,,,,R32,True
Japan,2026-06-16,1800.0,1754.0,46.0,0.0,97.44444444444444,,,,,R32,True
Japan,2026-06-17,1672.0,1620.0,52.0,0.0,96.88995215311004,,,,,R32,True
Japan,2026-06-18,,,,,,,,,,R32,False
Japan,2026-06-19,,,,,,,,,,R32,False
Japan,2026-06-20,,,,,,W,Group stage,Tunisia,0-4 (0-2),R32,False
Japan,2026-06-21,299.0,264.0,35.0,0.0,88.29431438127091,,,,,R32,True
Japan,2026-06-22,1363.0,1220.0,142.0,1.0,89.43506969919295,,,,,R32,True
Japan,2026-06-23,1846.0,1805.0,40.0,1.0,97.72481040086674,,,,,R32,True
Japan,2026-06-24,1318.0,1302.0,16.0,0.0,98.78603945371775,,,,,R32,True
Japan,2026-06-25,679.0,639.0,40.0,0.0,94.10898379970546,D,Group stage,Sweden,1-1 (0-0),R32,True
Japan,2026-06-26,530.0,475.0,50.0,5.0,88.67924528301887,,,,,R32,True
Japan,2026-06-27,997.0,932.0,63.0,2.0,93.27983951855566,,,,,R32,True
Japan,2026-06-28,1422.0,1347.0,72.0,3.0,94.51476793248945,,,,,R32,True
Japan,2026-06-29,732.0,646.0,86.0,0.0,88.25136612021858,L,Round of 32,Brazil,2-1 (0-1),R32,True
Japan,2026-06-30,1719.0,1379.0,239.0,101.0,74.3455497382199,,,,,R32,True
Japan,2026-07-01,3915.0,2548.0,1193.0,174.0,60.63856960408685,,,,,R32,True
Japan,2026-07-02,1787.0,1193.0,589.0,5.0,66.48013430330163,,,,,R32,True
Japan,2026-07-03,863.0,331.0,510.0,22.0,35.805330243337195,,,,,R32,True
Japan,2026-07-04,801.0,681.0,87.0,33.0,80.89887640449439,,,,,R32,True
Japan,2026-07-05,,,,,,,,,,R32,False
Japan,2026-07-06,,,,,,,,,,R32,False
Japan,2026-07-07,,,,,,,,,,R32,False
Japan,2026-07-08,,,,,,,,,,R32,False
Japan,2026-07-09,,,,,,,,,,R32,False
Japan,2026-07-10,,,,,,,,,,R32,False
Japan,2026-07-11,135.0,0.0,39.0,96.0,-71.11111111111111,,,,,R32,True
Japan,2026-07-12,,,,,,,,,,R32,False
Japan,2026-07-13,,,,,,,,,,R32,False
Japan,2026-07-14,,,,,,,,,,R32,False
Japan,2026-07-15,239.0,2.0,192.0,45.0,-17.99163179916318,,,,,R32,True
Japan,2026-07-16,,,,,,,,,,R32,False
Japan,2026-07-17,,,,,,,,,,R32,False
Japan,2026-07-18,91.0,11.0,79.0,1.0,10.989010989010989,,,,,R32,True
Japan,2026-07-19,226.0,217.0,9.0,0.0,96.01769911504425,,,,,R32,True
Japan,2026-07-20,117.0,113.0,4.0,0.0,96.58119658119658,,,,,R32,True
Japan,2026-07-21,,,,,,,,,,R32,False
Algeria,2026-06-11,572.0,563.0,9.0,0.0,98.42657342657343,,,,,R32,True
Algeria,2026-06-12,688.0,639.0,49.0,0.0,92.87790697674419,,,,,R32,True
Algeria,2026-06-13,646.0,597.0,49.0,0.0,92.41486068111455,,,,,R32,True
Algeria,2026-06-14,451.0,426.0,25.0,0.0,94.45676274944567,,,,,R32,True
Algeria,2026-06-15,,,,,,,,,,R32,False
Algeria,2026-06-16,,,,,,L,Group stage,Argentina,3-0 (1-0),R32,False
Algeria,2026-06-17,769.0,758.0,10.0,1.0,98.43953185955787,,,,,R32,True
Algeria,2026-06-18,799.0,415.0,166.0,218.0,24.6558197747184,,,,,R32,True
Algeria,2026-06-19,462.0,85.0,146.0,231.0,-31.6017316017316,,,,,R32,True
Algeria,2026-06-20,,,,,,,,,,R32,False
Algeria,2026-06-21,,,,,,,,,,R32,False
Algeria,2026-06-22,,,,,,W,Group stage,Jordan,1-2 (1-0),R32,False
Algeria,2026-06-23,,,,,,,,,,R32,False
Algeria,2026-06-24,816.0,767.0,33.0,16.0,92.0343137254902,,,,,R32,True
Algeria,2026-06-25,1099.0,1071.0,13.0,15.0,96.08735213830755,,,,,R32,True
Algeria,2026-06-26,471.0,375.0,73.0,23.0,74.73460721868365,,,,,R32,True
Algeria,2026-06-27,,,,,,D,Group stage,Austria,3-3 (1-1),R32,False
Algeria,2026-06-28,,,,,,,,,,R32,False
Algeria,2026-06-29,865.0,702.0,103.0,60.0,74.21965317919076,,,,,R32,True
Algeria,2026-06-30,955.0,735.0,83.0,137.0,62.617801047120416,,,,,R32,True
Algeria,2026-07-01,,,,,,,,,,R32,False
Algeria,2026-07-02,,,,,,L,Round of 32,Switzerland,2-0 (1-0),R32,False
Algeria,2026-07-03,,,,,,,,,,R32,False
Algeria,2026-07-04,897.0,323.0,97.0,477.0,-17.16833890746934,,,,,R32,True
Algeria,2026-07-05,659.0,146.0,28.0,485.0,-51.441578148710164,,,,,R32,True
Algeria,2026-07-06,,,,,,,,,,R32,False
Algeria,2026-07-07,,,,,,,,,,R32,False
Algeria,2026-07-08,,,,,,,,,,R32,False
Algeria,2026-07-09,,,,,,,,,,R32,False
Algeria,2026-07-10,,,,,,,,,,R32,False
Algeria,2026-07-11,,,,,,,,,,R32,False
Algeria,2026-07-12,,,,,,,,,,R32,False
Algeria,2026-07-13,,,,,,,,,,R32,False
Algeria,2026-07-14,105.0,38.0,7.0,60.0,-20.952380952380953,,,,,R32,True
Algeria,2026-07-15,,,,,,,,,,R32,False
Algeria,2026-07-16,,,,,,,,,,R32,False
Algeria,2026-07-17,,,,,,,,,,R32,False
Algeria,2026-07-18,,,,,,,,,,R32,False
Algeria,2026-07-19,,,,,,,,,,R32,False
Algeria,2026-07-20,,,,,,,,,,R32,False
Algeria,2026-07-21,,,,,,,,,,R32,False
Cabo Verde,2026-06-11,,,,,,,,,,R32,False
Cabo Verde,2026-06-12,,,,,,,,,,R32,False
Cabo Verde,2026-06-13,,,,,,,,,,R32,False
Cabo Verde,2026-06-14,,,,,,,,,,R32,False
Cabo Verde,2026-06-15,,,,,,D,Group stage,Spain,0-0,R32,False
Cabo Verde,2026-06-16,528.0,509.0,19.0,0.0,96.40151515151516,,,,,R32,True
Cabo Verde,2026-06-17,978.0,966.0,12.0,0.0,98.77300613496932,,,,,R32,True
Cabo Verde,2026-06-18,,,,,,,,,,R32,False
Cabo Verde,2026-06-19,,,,,,,,,,R32,False
Cabo Verde,2026-06-20,,,,,,,,,,R32,False
Cabo Verde,2026-06-21,,,,,,D,Group stage,Uruguay,2-2 (2-1),R32,False
Cabo Verde,2026-06-22,,,,,,,,,,R32,False
Cabo Verde,2026-06-23,,,,,,,,,,R32,False
Cabo Verde,2026-06-24,,,,,,,,,,R32,False
Cabo Verde,2026-06-25,,,,,,,,,,R32,False
Cabo Verde,2026-06-26,,,,,,D,Group stage,Saudi Arabia,0-0,R32,False
Cabo Verde,2026-06-27,,,,,,,,,,R32,False
Cabo Verde,2026-06-28,,,,,,,,,,R32,False
Cabo Verde,2026-06-29,,,,,,,,,,R32,False
Cabo Verde,2026-06-30,,,,,,,,,,R32,False
Cabo Verde,2026-07-01,,,,,,,,,,R32,False
Cabo Verde,2026-07-02,,,,,,,,,,R32,False
Cabo Verde,2026-07-03,,,,,,L,Round of 32,Argentina,"3-2 AET (1-1, 1-0)",R32,False
Cabo Verde,2026-07-04,,,,,,,,,,R32,False
Cabo Verde,2026-07-05,2363.0,2317.0,44.0,2.0,97.96868387642827,,,,,R32,True
Cabo Verde,2026-07-06,1261.0,1197.0,59.0,5.0,94.52815226011103,,,,,R32,True
Cabo Verde,2026-07-07,,,,,,,,,,R32,False
Cabo Verde,2026-07-08,,,,,,,,,,R32,False
Cabo Verde,2026-07-09,,,,,,,,,,R32,False
Cabo Verde,2026-07-10,,,,,,,,,,R32,False
Cabo Verde,2026-07-11,,,,,,,,,,R32,False
Cabo Verde,2026-07-12,,,,,,,,,,R32,False
Cabo Verde,2026-07-13,,,,,,,,,,R32,False
Cabo Verde,2026-07-14,,,,,,,,,,R32,False
Cabo Verde,2026-07-15,,,,,,,,,,R32,False
Cabo Verde,2026-07-16,79.0,63.0,16.0,0.0,79.74683544303798,,,,,R32,True
Cabo Verde,2026-07-17,82.0,77.0,5.0,0.0,93.90243902439025,,,,,R32,True
Cabo Verde,2026-07-18,,,,,,,,,,R32,False
Cabo Verde,2026-07-19,,,,,,,,,,R32,False
Cabo Verde,2026-07-20,,,,,,,,,,R32,False
Cabo Verde,2026-07-21,,,,,,,,,,R32,False
Germany,2026-06-11,,,,,,,,,,R32,False
Germany,2026-06-12,,,,,,,,,,R32,False
Germany,2026-06-13,,,,,,,,,,R32,False
Germany,2026-06-14,,,,,,W,Group stage,Curaçao,7-1 (3-1),R32,False
Germany,2026-06-15,412.0,321.0,88.0,3.0,77.18446601941747,,,,,R32,True
Germany,2026-06-16,681.0,538.0,139.0,4.0,78.41409691629956,,,,,R32,True
Germany,2026-06-17,386.0,258.0,98.0,30.0,59.067357512953365,,,,,R32,True
Germany,2026-06-18,,,,,,,,,,R32,False
Germany,2026-06-19,,,,,,,,,,R32,False
Germany,2026-06-20,,,,,,W,Group stage,Côte d'Ivoire,2-1 (0-1),R32,False
Germany,2026-06-21,,,,,,,,,,R32,False
Germany,2026-06-22,549.0,439.0,103.0,7.0,78.68852459016394,,,,,R32,True
Germany,2026-06-23,,,,,,,,,,R32,False
Germany,2026-06-24,,,,,,,,,,R32,False
Germany,2026-06-25,,,,,,L,Group stage,Ecuador,2-1 (1-1),R32,False
Germany,2026-06-26,,,,,,,,,,R32,False
Germany,2026-06-27,331.0,21.0,145.0,165.0,-43.50453172205438,,,,,R32,True
Germany,2026-06-28,,,,,,,,,,R32,False
Germany,2026-06-29,,,,,,L,Round of 32,Paraguay,"1-1 AET (1-1, 0-1) 3-4 PSO",R32,False
Germany,2026-06-30,,,,,,,,,,R32,False
Germany,2026-07-01,1833.0,4.0,89.0,1740.0,-94.70812875068194,,,,,R32,True
Germany,2026-07-02,1086.0,0.0,65.0,1021.0,-94.0147329650092,,,,,R32,True
Germany,2026-07-03,,,,,,,,,,R32,False
Germany,2026-07-04,,,,,,,,,,R32,False
Germany,2026-07-05,,,,,,,,,,R32,False
Germany,2026-07-06,,,,,,,,,,R32,False
Germany,2026-07-07,,,,,,,,,,R32,False
Germany,2026-07-08,,,,,,,,,,R32,False
Germany,2026-07-09,,,,,,,,,,R32,False
Germany,2026-07-10,,,,,,,,,,R32,False
Germany,2026-07-11,,,,,,,,,,R32,False
Germany,2026-07-12,,,,,,,,,,R32,False
Germany,2026-07-13,,,,,,,,,,R32,False
Germany,2026-07-14,,,,,,,,,,R32,False
Germany,2026-07-15,,,,,,,,,,R32,False
Germany,2026-07-16,,,,,,,,,,R32,False
Germany,2026-07-17,,,,,,,,,,R32,False
Germany,2026-07-18,,,,,,,,,,R32,False
Germany,2026-07-19,,,,,,,,,,R32,False
Germany,2026-07-20,,,,,,,,,,R32,False
Germany,2026-07-21,,,,,,,,,,R32,False
Netherlands,2026-06-11,,,,,,,,,,R32,False
Netherlands,2026-06-12,,,,,,,,,,R32,False
Netherlands,2026-06-13,,,,,,,,,,R32,False
Netherlands,2026-06-14,,,,,,D,Group stage,Japan,2-2 (0-0),R32,False
Netherlands,2026-06-15,,,,,,,,,,R32,False
Netherlands,2026-06-16,639.0,332.0,307.0,0.0,51.95618153364632,,,,,R32,True
Netherlands,2026-06-17,532.0,171.0,360.0,1.0,31.954887218045112,,,,,R32,True
Netherlands,2026-06-18,,,,,,,,,,R32,False
Netherlands,2026-06-19,,,,,,,,,,R32,False
Netherlands,2026-06-20,,,,,,W,Group stage,Sweden,5-1 (2-0),R32,False
Netherlands,2026-06-21,,,,,,,,,,R32,False
Netherlands,2026-06-22,638.0,457.0,131.0,50.0,63.793103448275865,,,,,R32,True
Netherlands,2026-06-23,,,,,,,,,,R32,False
Netherlands,2026-06-24,,,,,,,,,,R32,False
Netherlands,2026-06-25,,,,,,W,Group stage,Tunisia,1-3 (0-2),R32,False
Netherlands,2026-06-26,,,,,,,,,,R32,False
Netherlands,2026-06-27,,,,,,,,,,R32,False
Netherlands,2026-06-28,,,,,,,,,,R32,False
Netherlands,2026-06-29,,,,,,L,Round of 32,Morocco,"1-1 AET (1-1, 0-0) 2-3 PSO",R32,False
Netherlands,2026-06-30,,,,,,,,,,R32,False
Netherlands,2026-07-01,650.0,11.0,274.0,365.0,-54.46153846153846,,,,,R32,True
Netherlands,2026-07-02,609.0,1.0,223.0,385.0,-63.05418719211823,,,,,R32,True
Netherlands,2026-07-03,,,,,,,,,,R32,False
Netherlands,2026-07-04,,,,,,,,,,R32,False
Netherlands,2026-07-05,,,,,,,,,,R32,False
Netherlands,2026-07-06,,,,,,,,,,R32,False
Netherlands,2026-07-07,,,,,,,,,,R32,False
Netherlands,2026-07-08,,,,,,,,,,R32,False
Netherlands,2026-07-09,,,,,,,,,,R32,False
Netherlands,2026-07-10,,,,,,,,,,R32,False
Netherlands,2026-07-11,,,,,,,,,,R32,False
Netherlands,2026-07-12,,,,,,,,,,R32,False
Netherlands,2026-07-13,,,,,,,,,,R32,False
Netherlands,2026-07-14,,,,,,,,,,R32,False
Netherlands,2026-07-15,,,,,,,,,,R32,False
Netherlands,2026-07-16,,,,,,,,,,R32,False
Netherlands,2026-07-17,,,,,,,,,,R32,False
Netherlands,2026-07-18,,,,,,,,,,R32,False
Netherlands,2026-07-19,,,,,,,,,,R32,False
Netherlands,2026-07-20,,,,,,,,,,R32,False
Netherlands,2026-07-21,,,,,,,,,,R32,False
Croatia,2026-06-11,,,,,,,,,,R32,False
Croatia,2026-06-12,,,,,,,,,,R32,False
Croatia,2026-06-13,,,,,,,,,,R32,False
Croatia,2026-06-14,,,,,,,,,,R32,False
Croatia,2026-06-15,,,,,,,,,,R32,False
Croatia,2026-06-16,,,,,,,,,,R32,False
Croatia,2026-06-17,,,,,,L,Group stage,England,4-2 (2-2),R32,False
Croatia,2026-06-18,,,,,,,,,,R32,False
Croatia,2026-06-19,302.0,212.0,90.0,0.0,70.19867549668874,,,,,R32,True
Croatia,2026-06-20,,,,,,,,,,R32,False
Croatia,2026-06-21,,,,,,,,,,R32,False
Croatia,2026-06-22,,,,,,,,,,R32,False
Croatia,2026-06-23,,,,,,W,Group stage,Panama,0-1 (0-0),R32,False
Croatia,2026-06-24,,,,,,,,,,R32,False
Croatia,2026-06-25,,,,,,,,,,R32,False
Croatia,2026-06-26,,,,,,,,,,R32,False
Croatia,2026-06-27,,,,,,W,Group stage,Ghana,2-1 (1-0),R32,False
Croatia,2026-06-28,,,,,,,,,,R32,False
Croatia,2026-06-29,,,,,,,,,,R32,False
Croatia,2026-06-30,,,,,,,,,,R32,False
Croatia,2026-07-01,,,,,,,,,,R32,False
Croatia,2026-07-02,,,,,,L,Round of 32,Portugal,2-1 (0-0),R32,False
Croatia,2026-07-03,,,,,,,,,,R32,False
Croatia,2026-07-04,939.0,502.0,324.0,113.0,41.42705005324814,,,,,R32,True
Croatia,2026-07-05,1340.0,733.0,331.0,276.0,34.1044776119403,,,,,R32,True
Croatia,2026-07-06,,,,,,,,,,R32,False
Croatia,2026-07-07,,,,,,,,,,R32,False
Croatia,2026-07-08,,,,,,,,,,R32,False
Croatia,2026-07-09,,,,,,,,,,R32,False
Croatia,2026-07-10,,,,,,,,,,R32,False
Croatia,2026-07-11,,,,,,,,,,R32,False
Croatia,2026-07-12,,,,,,,,,,R32,False
Croatia,2026-07-13,,,,,,,,,,R32,False
Croatia,2026-07-14,,,,,,,,,,R32,False
Croatia,2026-07-15,,,,,,,,,,R32,False
Croatia,2026-07-16,,,,,,,,,,R32,False
Croatia,2026-07-17,,,,,,,,,,R32,False
Croatia,2026-07-18,,,,,,,,,,R32,False
Croatia,2026-07-19,,,,,,,,,,R32,False
Croatia,2026-07-20,,,,,,,,,,R32,False
Croatia,2026-07-21,,,,,,,,,,R32,False
Congo DR,2026-06-11,,,,,,,,,,R32,False
Congo DR,2026-06-12,,,,,,,,,,R32,False
Congo DR,2026-06-13,,,,,,,,,,R32,False
Congo DR,2026-06-14,,,,,,,,,,R32,False
Congo DR,2026-06-15,,,,,,,,,,R32,False
Congo DR,2026-06-16,,,,,,,,,,R32,False
Congo DR,2026-06-17,,,,,,D,Group stage,Portugal,1-1 (1-1),R32,False
Congo DR,2026-06-18,347.0,341.0,6.0,0.0,98.27089337175792,,,,,R32,True
Congo DR,2026-06-19,470.0,438.0,31.0,1.0,92.97872340425532,,,,,R32,True
Congo DR,2026-06-20,,,,,,,,,,R32,False
Congo DR,2026-06-21,,,,,,,,,,R32,False
Congo DR,2026-06-22,,,,,,,,,,R32,False
Congo DR,2026-06-23,,,,,,L,Group stage,Colombia,1-0 (0-0),R32,False
Congo DR,2026-06-24,,,,,,,,,,R32,False
Congo DR,2026-06-25,,,,,,,,,,R32,False
Congo DR,2026-06-26,,,,,,,,,,R32,False
Congo DR,2026-06-27,,,,,,W,Group stage,Uzbekistan,3-1 (0-1),R32,False
Congo DR,2026-06-28,,,,,,,,,,R32,False
Congo DR,2026-06-29,,,,,,,,,,R32,False
Congo DR,2026-06-30,,,,,,,,,,R32,False
Congo DR,2026-07-01,,,,,,L,Round of 32,England,2-1 (0-1),R32,False
Congo DR,2026-07-02,,,,,,,,,,R32,False
Congo DR,2026-07-03,793.0,723.0,52.0,18.0,88.90290037831022,,,,,R32,True
Congo DR,2026-07-04,,,,,,,,,,R32,False
Congo DR,2026-07-05,,,,,,,,,,R32,False
Congo DR,2026-07-06,,,,,,,,,,R32,False
Congo DR,2026-07-07,,,,,,,,,,R32,False
Congo DR,2026-07-08,,,,,,,,,,R32,False
Congo DR,2026-07-09,,,,,,,,,,R32,False
Congo DR,2026-07-10,,,,,,,,,,R32,False
Congo DR,2026-07-11,,,,,,,,,,R32,False
Congo DR,2026-07-12,,,,,,,,,,R32,False
Congo DR,2026-07-13,,,,,,,,,,R32,False
Congo DR,2026-07-14,,,,,,,,,,R32,False
Congo DR,2026-07-15,,,,,,,,,,R32,False
Congo DR,2026-07-16,,,,,,,,,,R32,False
Congo DR,2026-07-17,,,,,,,,,,R32,False
Congo DR,2026-07-18,,,,,,,,,,R32,False
Congo DR,2026-07-19,,,,,,,,,,R32,False
Congo DR,2026-07-20,,,,,,,,,,R32,False
Congo DR,2026-07-21,,,,,,,,,,R32,False
South Africa,2026-06-11,,,,,,L,Group stage,Mexico,2-0 (1-0),R32,False
South Africa,2026-06-12,398.0,118.0,59.0,221.0,-25.87939698492462,,,,,R32,True
South Africa,2026-06-13,,,,,,,,,,R32,False
South Africa,2026-06-14,,,,,,,,,,R32,False
South Africa,2026-06-15,,,,,,,,,,R32,False
South Africa,2026-06-16,,,,,,,,,,R32,False
South Africa,2026-06-17,,,,,,,,,,R32,False
South Africa,2026-06-18,,,,,,D,Group stage,Czechia,1-1 (1-0),R32,False
South Africa,2026-06-19,,,,,,,,,,R32,False
South Africa,2026-06-20,,,,,,,,,,R32,False
South Africa,2026-06-21,,,,,,,,,,R32,False
South Africa,2026-06-22,,,,,,,,,,R32,False
South Africa,2026-06-23,,,,,,,,,,R32,False
South Africa,2026-06-24,,,,,,W,Group stage,Korea Republic,1-0 (0-0),R32,False
South Africa,2026-06-25,,,,,,,,,,R32,False
South Africa,2026-06-26,561.0,475.0,86.0,0.0,84.67023172905526,,,,,R32,True
South Africa,2026-06-27,455.0,337.0,118.0,0.0,74.06593406593407,,,,,R32,True
South Africa,2026-06-28,,,,,,L,Round of 32,Canada,0-1 (0-0),R32,False
South Africa,2026-06-29,,,,,,,,,,R32,False
South Africa,2026-06-30,,,,,,,,,,R32,False
South Africa,2026-07-01,,,,,,,,,,R32,False
South Africa,2026-07-02,,,,,,,,,,R32,False
South Africa,2026-07-03,,,,,,,,,,R32,False
South Africa,2026-07-04,,,,,,,,,,R32,False
South Africa,2026-07-05,,,,,,,,,,R32,False
South Africa,2026-07-06,,,,,,,,,,R32,False
South Africa,2026-07-07,,,,,,,,,,R32,False
South Africa,2026-07-08,,,,,,,,,,R32,False
South Africa,2026-07-09,,,,,,,,,,R32,False
South Africa,2026-07-10,,,,,,,,,,R32,False
South Africa,2026-07-11,,,,,,,,,,R32,False
South Africa,2026-07-12,,,,,,,,,,R32,False
South Africa,2026-07-13,,,,,,,,,,R32,False
South Africa,2026-07-14,,,,,,,,,,R32,False
South Africa,2026-07-15,,,,,,,,,,R32,False
South Africa,2026-07-16,,,,,,,,,,R32,False
South Africa,2026-07-17,,,,,,,,,,R32,False
South Africa,2026-07-18,,,,,,,,,,R32,False
South Africa,2026-07-19,,,,,,,,,,R32,False
South Africa,2026-07-20,,,,,,,,,,R32,False
South Africa,2026-07-21,,,,,,,,,,R32,False
Senegal,2026-06-11,,,,,,,,,,R32,False
Senegal,2026-06-12,,,,,,,,,,R32,False
Senegal,2026-06-13,,,,,,,,,,R32,False
Senegal,2026-06-14,,,,,,,,,,R32,False
Senegal,2026-06-15,,,,,,,,,,R32,False
Senegal,2026-06-16,,,,,,L,Group stage,France,3-1 (0-0),R32,False
Senegal,2026-06-17,,,,,,,,,,R32,False
Senegal,2026-06-18,,,,,,,,,,R32,False
Senegal,2026-06-19,,,,,,,,,,R32,False
Senegal,2026-06-20,,,,,,,,,,R32,False
Senegal,2026-06-21,,,,,,,,,,R32,False
Senegal,2026-06-22,,,,,,L,Group stage,Norway,3-2 (1-0),R32,False
Senegal,2026-06-23,,,,,,,,,,R32,False
Senegal,2026-06-24,,,,,,,,,,R32,False
Senegal,2026-06-25,,,,,,,,,,R32,False
Senegal,2026-06-26,,,,,,W,Group stage,Iraq,5-0 (1-0),R32,False
Senegal,2026-06-27,,,,,,,,,,R32,False
Senegal,2026-06-28,,,,,,,,,,R32,False
Senegal,2026-06-29,,,,,,,,,,R32,False
Senegal,2026-06-30,,,,,,,,,,R32,False
Senegal,2026-07-01,,,,,,L,Round of 32,Belgium,"3-2 AET (2-2, 0-1)",R32,False
Senegal,2026-07-02,,,,,,,,,,R32,False
Senegal,2026-07-03,903.0,253.0,179.0,471.0,-24.14174972314507,,,,,R32,True
Senegal,2026-07-04,,,,,,,,,,R32,False
Senegal,2026-07-05,,,,,,,,,,R32,False
Senegal,2026-07-06,,,,,,,,,,R32,False
Senegal,2026-07-07,,,,,,,,,,R32,False
Senegal,2026-07-08,,,,,,,,,,R32,False
Senegal,2026-07-09,,,,,,,,,,R32,False
Senegal,2026-07-10,,,,,,,,,,R32,False
Senegal,2026-07-11,,,,,,,,,,R32,False
Senegal,2026-07-12,,,,,,,,,,R32,False
Senegal,2026-07-13,,,,,,,,,,R32,False
Senegal,2026-07-14,,,,,,,,,,R32,False
Senegal,2026-07-15,,,,,,,,,,R32,False
Senegal,2026-07-16,62.0,0.0,2.0,60.0,-96.7741935483871,,,,,R32,True
Senegal,2026-07-17,,,,,,,,,,R32,False
Senegal,2026-07-18,,,,,,,,,,R32,False
Senegal,2026-07-19,,,,,,,,,,R32,False
Senegal,2026-07-20,,,,,,,,,,R32,False
Senegal,2026-07-21,,,,,,,,,,R32,False
Ecuador,2026-06-11,,,,,,,,,,R32,False
Ecuador,2026-06-12,,,,,,,,,,R32,False
Ecuador,2026-06-13,,,,,,,,,,R32,False
Ecuador,2026-06-14,,,,,,L,Group stage,Côte d'Ivoire,1-0 (0-0),R32,False
Ecuador,2026-06-15,,,,,,,,,,R32,False
Ecuador,2026-06-16,,,,,,,,,,R32,False
Ecuador,2026-06-17,,,,,,,,,,R32,False
Ecuador,2026-06-18,,,,,,,,,,R32,False
Ecuador,2026-06-19,,,,,,,,,,R32,False
Ecuador,2026-06-20,,,,,,D,Group stage,Curaçao,0-0,R32,False
Ecuador,2026-06-21,,,,,,,,,,R32,False
Ecuador,2026-06-22,,,,,,,,,,R32,False
Ecuador,2026-06-23,,,,,,,,,,R32,False
Ecuador,2026-06-24,,,,,,,,,,R32,False
Ecuador,2026-06-25,,,,,,W,Group stage,Germany,2-1 (1-1),R32,False
Ecuador,2026-06-26,,,,,,,,,,R32,False
Ecuador,2026-06-27,508.0,482.0,25.0,1.0,94.68503937007874,,,,,R32,True
Ecuador,2026-06-28,,,,,,,,,,R32,False
Ecuador,2026-06-29,,,,,,,,,,R32,False
Ecuador,2026-06-30,,,,,,L,Round of 32,Mexico,2-0 (2-0),R32,False
Ecuador,2026-07-01,,,,,,,,,,R32,False
Ecuador,2026-07-02,,,,,,,,,,R32,False
Ecuador,2026-07-03,,,,,,,,,,R32,False
Ecuador,2026-07-04,,,,,,,,,,R32,False
Ecuador,2026-07-05,,,,,,,,,,R32,False
Ecuador,2026-07-06,,,,,,,,,,R32,False
Ecuador,2026-07-07,,,,,,,,,,R32,False
Ecuador,2026-07-08,,,,,,,,,,R32,False
Ecuador,2026-07-09,,,,,,,,,,R32,False
Ecuador,2026-07-10,,,,,,,,,,R32,False
Ecuador,2026-07-11,,,,,,,,,,R32,False
Ecuador,2026-07-12,,,,,,,,,,R32,False
Ecuador,2026-07-13,,,,,,,,,,R32,False
Ecuador,2026-07-14,,,,,,,,,,R32,False
Ecuador,2026-07-15,,,,,,,,,,R32,False
Ecuador,2026-07-16,,,,,,,,,,R32,False
Ecuador,2026-07-17,,,,,,,,,,R32,False
Ecuador,2026-07-18,,,,,,,,,,R32,False
Ecuador,2026-07-19,,,,,,,,,,R32,False
Ecuador,2026-07-20,,,,,,,,,,R32,False
Ecuador,2026-07-21,,,,,,,,,,R32,False
Côte d'Ivoire,2026-06-11,,,,,,,,,,R32,False
Côte d'Ivoire,2026-06-12,,,,,,,,,,R32,False
Côte d'Ivoire,2026-06-13,,,,,,,,,,R32,False
Côte d'Ivoire,2026-06-14,,,,,,W,Group stage,Ecuador,1-0 (0-0),R32,False
Côte d'Ivoire,2026-06-15,,,,,,,,,,R32,False
Côte d'Ivoire,2026-06-16,,,,,,,,,,R32,False
Côte d'Ivoire,2026-06-17,,,,,,,,,,R32,False
Côte d'Ivoire,2026-06-18,,,,,,,,,,R32,False
Côte d'Ivoire,2026-06-19,,,,,,,,,,R32,False
Côte d'Ivoire,2026-06-20,,,,,,L,Group stage,Germany,2-1 (0-1),R32,False
Côte d'Ivoire,2026-06-21,,,,,,,,,,R32,False
Côte d'Ivoire,2026-06-22,,,,,,,,,,R32,False
Côte d'Ivoire,2026-06-23,,,,,,,,,,R32,False
Côte d'Ivoire,2026-06-24,,,,,,,,,,R32,False
Côte d'Ivoire,2026-06-25,,,,,,W,Group stage,Curaçao,0-2 (0-1),R32,False
Côte d'Ivoire,2026-06-26,,,,,,,,,,R32,False
Côte d'Ivoire,2026-06-27,,,,,,,,,,R32,False
Côte d'Ivoire,2026-06-28,,,,,,,,,,R32,False
Côte d'Ivoire,2026-06-29,,,,,,,,,,R32,False
Côte d'Ivoire,2026-06-30,,,,,,L,Round of 32,Norway,1-2 (0-1),R32,False
Côte d'Ivoire,2026-07-01,,,,,,,,,,R32,False
Côte d'Ivoire,2026-07-02,483.0,441.0,27.0,15.0,88.19875776397515,,,,,R32,True
Côte d'Ivoire,2026-07-03,,,,,,,,,,R32,False
Côte d'Ivoire,2026-07-04,,,,,,,,,,R32,False
Côte d'Ivoire,2026-07-05,,,,,,,,,,R32,False
Côte d'Ivoire,2026-07-06,,,,,,,,,,R32,False
Côte d'Ivoire,2026-07-07,,,,,,,,,,R32,False
Côte d'Ivoire,2026-07-08,,,,,,,,,,R32,False
Côte d'Ivoire,2026-07-09,,,,,,,,,,R32,False
Côte d'Ivoire,2026-07-10,,,,,,,,,,R32,False
Côte d'Ivoire,2026-07-11,,,,,,,,,,R32,False
Côte d'Ivoire,2026-07-12,,,,,,,,,,R32,False
Côte d'Ivoire,2026-07-13,,,,,,,,,,R32,False
Côte d'Ivoire,2026-07-14,,,,,,,,,,R32,False
Côte d'Ivoire,2026-07-15,,,,,,,,,,R32,False
Côte d'Ivoire,2026-07-16,,,,,,,,,,R32,False
Côte d'Ivoire,2026-07-17,,,,,,,,,,R32,False
Côte d'Ivoire,2026-07-18,,,,,,,,,,R32,False
Côte d'Ivoire,2026-07-19,,,,,,,,,,R32,False
Côte d'Ivoire,2026-07-20,,,,,,,,,,R32,False
Côte d'Ivoire,2026-07-21,,,,,,,,,,R32,False
Ghana,2026-06-11,,,,,,,,,,R32,False
Ghana,2026-06-12,,,,,,,,,,R32,False
Ghana,2026-06-13,,,,,,,,,,R32,False
Ghana,2026-06-14,,,,,,,,,,R32,False
Ghana,2026-06-15,,,,,,,,,,R32,False
Ghana,2026-06-16,,,,,,,,,,R32,False
Ghana,2026-06-17,,,,,,W,Group stage,Panama,1-0 (0-0),R32,False
Ghana,2026-06-18,,,,,,,,,,R32,False
Ghana,2026-06-19,281.0,273.0,8.0,0.0,97.15302491103203,,,,,R32,True
Ghana,2026-06-20,,,,,,,,,,R32,False
Ghana,2026-06-21,,,,,,,,,,R32,False
Ghana,2026-06-22,,,,,,,,,,R32,False
Ghana,2026-06-23,,,,,,D,Group stage,England,0-0,R32,False
Ghana,2026-06-24,,,,,,,,,,R32,False
Ghana,2026-06-25,,,,,,,,,,R32,False
Ghana,2026-06-26,,,,,,,,,,R32,False
Ghana,2026-06-27,,,,,,L,Group stage,Croatia,2-1 (1-0),R32,False
Ghana,2026-06-28,,,,,,,,,,R32,False
Ghana,2026-06-29,,,,,,,,,,R32,False
Ghana,2026-06-30,,,,,,,,,,R32,False
Ghana,2026-07-01,,,,,,,,,,R32,False
Ghana,2026-07-02,,,,,,,,,,R32,False
Ghana,2026-07-03,,,,,,L,Round of 32,Colombia,1-0 (1-0),R32,False
Ghana,2026-07-04,,,,,,,,,,R32,False
Ghana,2026-07-05,,,,,,,,,,R32,False
Ghana,2026-07-06,,,,,,,,,,R32,False
Ghana,2026-07-07,,,,,,,,,,R32,False
Ghana,2026-07-08,,,,,,,,,,R32,False
Ghana,2026-07-09,,,,,,,,,,R32,False
Ghana,2026-07-10,,,,,,,,,,R32,False
Ghana,2026-07-11,,,,,,,,,,R32,False
Ghana,2026-07-12,,,,,,,,,,R32,False
Ghana,2026-07-13,,,,,,,,,,R32,False
Ghana,2026-07-14,,,,,,,,,,R32,False
Ghana,2026-07-15,,,,,,,,,,R32,False
Ghana,2026-07-16,,,,,,,,,,R32,False
Ghana,2026-07-17,,,,,,,,,,R32,False
Ghana,2026-07-18,,,,,,,,,,R32,False
Ghana,2026-07-19,,,,,,,,,,R32,False
Ghana,2026-07-20,,,,,,,,,,R32,False
Ghana,2026-07-21,,,,,,,,,,R32,False
Australia,2026-06-11,,,,,,,,,,R32,False
Australia,2026-06-12,,,,,,,,,,R32,False
Australia,2026-06-13,,,,,,W,Group stage,Türkiye,2-0 (1-0),R32,False
Australia,2026-06-14,,,,,,,,,,R32,False
Australia,2026-06-15,,,,,,,,,,R32,False
Australia,2026-06-16,,,,,,,,,,R32,False
Australia,2026-06-17,,,,,,,,,,R32,False
Australia,2026-06-18,,,,,,,,,,R32,False
Australia,2026-06-19,,,,,,L,Group stage,USA,2-0 (2-0),R32,False
Australia,2026-06-20,,,,,,,,,,R32,False
Australia,2026-06-21,,,,,,,,,,R32,False
Australia,2026-06-22,,,,,,,,,,R32,False
Australia,2026-06-23,,,,,,,,,,R32,False
Australia,2026-06-24,,,,,,,,,,R32,False
Australia,2026-06-25,,,,,,D,Group stage,Paraguay,0-0,R32,False
Australia,2026-06-26,,,,,,,,,,R32,False
Australia,2026-06-27,,,,,,,,,,R32,False
Australia,2026-06-28,,,,,,,,,,R32,False
Australia,2026-06-29,,,,,,,,,,R32,False
Australia,2026-06-30,,,,,,,,,,R32,False
Australia,2026-07-01,,,,,,,,,,R32,False
Australia,2026-07-02,,,,,,,,,,R32,False
Australia,2026-07-03,,,,,,L,Round of 32,Egypt,"1-1 AET (1-1, 0-1) 2-4 PSO",R32,False
Australia,2026-07-04,,,,,,,,,,R32,False
Australia,2026-07-05,,,,,,,,,,R32,False
Australia,2026-07-06,,,,,,,,,,R32,False
Australia,2026-07-07,,,,,,,,,,R32,False
Australia,2026-07-08,,,,,,,,,,R32,False
Australia,2026-07-09,,,,,,,,,,R32,False
Australia,2026-07-10,,,,,,,,,,R32,False
Australia,2026-07-11,,,,,,,,,,R32,False
Australia,2026-07-12,,,,,,,,,,R32,False
Australia,2026-07-13,,,,,,,,,,R32,False
Australia,2026-07-14,,,,,,,,,,R32,False
Australia,2026-07-15,,,,,,,,,,R32,False
Australia,2026-07-16,,,,,,,,,,R32,False
Australia,2026-07-17,,,,,,,,,,R32,False
Australia,2026-07-18,,,,,,,,,,R32,False
Australia,2026-07-19,,,,,,,,,,R32,False
Australia,2026-07-20,,,,,,,,,,R32,False
Australia,2026-07-21,,,,,,,,,,R32,False
Austria,2026-06-11,,,,,,,,,,R32,False
Austria,2026-06-12,,,,,,,,,,R32,False
Austria,2026-06-13,,,,,,,,,,R32,False
Austria,2026-06-14,,,,,,,,,,R32,False
Austria,2026-06-15,,,,,,,,,,R32,False
Austria,2026-06-16,,,,,,W,Group stage,Jordan,3-1 (1-0),R32,False
Austria,2026-06-17,,,,,,,,,,R32,False
Austria,2026-06-18,,,,,,,,,,R32,False
Austria,2026-06-19,,,,,,,,,,R32,False
Austria,2026-06-20,,,,,,,,,,R32,False
Austria,2026-06-21,,,,,,,,,,R32,False
Austria,2026-06-22,,,,,,L,Group stage,Argentina,2-0 (1-0),R32,False
Austria,2026-06-23,,,,,,,,,,R32,False
Austria,2026-06-24,,,,,,,,,,R32,False
Austria,2026-06-25,,,,,,,,,,R32,False
Austria,2026-06-26,,,,,,,,,,R32,False
Austria,2026-06-27,,,,,,D,Group stage,Algeria,3-3 (1-1),R32,False
Austria,2026-06-28,,,,,,,,,,R32,False
Austria,2026-06-29,,,,,,,,,,R32,False
Austria,2026-06-30,,,,,,,,,,R32,False
Austria,2026-07-01,,,,,,,,,,R32,False
Austria,2026-07-02,,,,,,L,Round of 32,Spain,3-0 (1-0),R32,False
Austria,2026-07-03,,,,,,,,,,R32,False
Austria,2026-07-04,,,,,,,,,,R32,False
Austria,2026-07-05,,,,,,,,,,R32,False
Austria,2026-07-06,,,,,,,,,,R32,False
Austria,2026-07-07,,,,,,,,,,R32,False
Austria,2026-07-08,,,,,,,,,,R32,False
Austria,2026-07-09,,,,,,,,,,R32,False
Austria,2026-07-10,,,,,,,,,,R32,False
Austria,2026-07-11,,,,,,,,,,R32,False
Austria,2026-07-12,,,,,,,,,,R32,False
Austria,2026-07-13,,,,,,,,,,R32,False
Austria,2026-07-14,,,,,,,,,,R32,False
Austria,2026-07-15,,,,,,,,,,R32,False
Austria,2026-07-16,,,,,,,,,,R32,False
Austria,2026-07-17,,,,,,,,,,R32,False
Austria,2026-07-18,,,,,,,,,,R32,False
Austria,2026-07-19,,,,,,,,,,R32,False
Austria,2026-07-20,,,,,,,,,,R32,False
Austria,2026-07-21,,,,,,,,,,R32,False
Bosnia and Herzegovina,2026-06-11,,,,,,,,,,R32,False
Bosnia and Herzegovina,2026-06-12,,,,,,D,Group stage,Canada,1-1 (0-1),R32,False
Bosnia and Herzegovina,2026-06-13,,,,,,,,,,R32,False
Bosnia and Herzegovina,2026-06-14,,,,,,,,,,R32,False
Bosnia and Herzegovina,2026-06-15,,,,,,,,,,R32,False
Bosnia and Herzegovina,2026-06-16,,,,,,,,,,R32,False
Bosnia and Herzegovina,2026-06-17,,,,,,,,,,R32,False
Bosnia and Herzegovina,2026-06-18,,,,,,L,Group stage,Switzerland,4-1 (0-0),R32,False
Bosnia and Herzegovina,2026-06-19,,,,,,,,,,R32,False
Bosnia and Herzegovina,2026-06-20,,,,,,,,,,R32,False
Bosnia and Herzegovina,2026-06-21,,,,,,,,,,R32,False
Bosnia and Herzegovina,2026-06-22,,,,,,,,,,R32,False
Bosnia and Herzegovina,2026-06-23,,,,,,,,,,R32,False
Bosnia and Herzegovina,2026-06-24,,,,,,W,Group stage,Qatar,3-1 (2-1),R32,False
Bosnia and Herzegovina,2026-06-25,,,,,,,,,,R32,False
Bosnia and Herzegovina,2026-06-26,,,,,,,,,,R32,False
Bosnia and Herzegovina,2026-06-27,,,,,,,,,,R32,False
Bosnia and Herzegovina,2026-06-28,,,,,,,,,,R32,False
Bosnia and Herzegovina,2026-06-29,,,,,,,,,,R32,False
Bosnia and Herzegovina,2026-06-30,,,,,,,,,,R32,False
Bosnia and Herzegovina,2026-07-01,,,,,,L,Round of 32,USA,2-0 (1-0),R32,False
Bosnia and Herzegovina,2026-07-02,,,,,,,,,,R32,False
Bosnia and Herzegovina,2026-07-03,,,,,,,,,,R32,False
Bosnia and Herzegovina,2026-07-04,,,,,,,,,,R32,False
Bosnia and Herzegovina,2026-07-05,,,,,,,,,,R32,False
Bosnia and Herzegovina,2026-07-06,,,,,,,,,,R32,False
Bosnia and Herzegovina,2026-07-07,,,,,,,,,,R32,False
Bosnia and Herzegovina,2026-07-08,,,,,,,,,,R32,False
Bosnia and Herzegovina,2026-07-09,,,,,,,,,,R32,False
Bosnia and Herzegovina,2026-07-10,,,,,,,,,,R32,False
Bosnia and Herzegovina,2026-07-11,,,,,,,,,,R32,False
Bosnia and Herzegovina,2026-07-12,,,,,,,,,,R32,False
Bosnia and Herzegovina,2026-07-13,,,,,,,,,,R32,False
Bosnia and Herzegovina,2026-07-14,,,,,,,,,,R32,False
Bosnia and Herzegovina,2026-07-15,,,,,,,,,,R32,False
Bosnia and Herzegovina,2026-07-16,,,,,,,,,,R32,False
Bosnia and Herzegovina,2026-07-17,,,,,,,,,,R32,False
Bosnia and Herzegovina,2026-07-18,,,,,,,,,,R32,False
Bosnia and Herzegovina,2026-07-19,,,,,,,,,,R32,False
Bosnia and Herzegovina,2026-07-20,,,,,,,,,,R32,False
Bosnia and Herzegovina,2026-07-21,,,,,,,,,,R32,False
Sweden,2026-06-11,,,,,,,,,,R32,False
Sweden,2026-06-12,,,,,,,,,,R32,False
Sweden,2026-06-13,,,,,,,,,,R32,False
Sweden,2026-06-14,,,,,,W,Group stage,Tunisia,5-1 (2-1),R32,False
Sweden,2026-06-15,,,,,,,,,,R32,False
Sweden,2026-06-16,,,,,,,,,,R32,False
Sweden,2026-06-17,,,,,,,,,,R32,False
Sweden,2026-06-18,,,,,,,,,,R32,False
Sweden,2026-06-19,,,,,,,,,,R32,False
Sweden,2026-06-20,,,,,,L,Group stage,Netherlands,5-1 (2-0),R32,False
Sweden,2026-06-21,,,,,,,,,,R32,False
Sweden,2026-06-22,,,,,,,,,,R32,False
Sweden,2026-06-23,,,,,,,,,,R32,False
Sweden,2026-06-24,,,,,,,,,,R32,False
Sweden,2026-06-25,,,,,,D,Group stage,Japan,1-1 (0-0),R32,False
Sweden,2026-06-26,,,,,,,,,,R32,False
Sweden,2026-06-27,,,,,,,,,,R32,False
Sweden,2026-06-28,,,,,,,,,,R32,False
Sweden,2026-06-29,,,,,,,,,,R32,False
Sweden,2026-06-30,,,,,,L,Round of 32,France,3-0 (1-0),R32,False
Sweden,2026-07-01,,,,,,,,,,R32,False
Sweden,2026-07-02,,,,,,,,,,R32,False
Sweden,2026-07-03,,,,,,,,,,R32,False
Sweden,2026-07-04,,,,,,,,,,R32,False
Sweden,2026-07-05,,,,,,,,,,R32,False
Sweden,2026-07-06,,,,,,,,,,R32,False
Sweden,2026-07-07,,,,,,,,,,R32,False
Sweden,2026-07-08,,,,,,,,,,R32,False
Sweden,2026-07-09,,,,,,,,,,R32,False
Sweden,2026-07-10,,,,,,,,,,R32,False
Sweden,2026-07-11,,,,,,,,,,R32,False
Sweden,2026-07-12,,,,,,,,,,R32,False
Sweden,2026-07-13,,,,,,,,,,R32,False
Sweden,2026-07-14,,,,,,,,,,R32,False
Sweden,2026-07-15,,,,,,,,,,R32,False
Sweden,2026-07-16,,,,,,,,,,R32,False
Sweden,2026-07-17,,,,,,,,,,R32,False
Sweden,2026-07-18,,,,,,,,,,R32,False
Sweden,2026-07-19,,,,,,,,,,R32,False
Sweden,2026-07-20,,,,,,,,,,R32,False
Sweden,2026-07-21,,,,,,,,,,R32,False
Korea Republic,2026-06-11,395.0,300.0,45.0,50.0,63.29113924050633,W,Group stage,Czechia,2-1 (0-0),GROUP,True
Korea Republic,2026-06-12,491.0,398.0,93.0,0.0,81.05906313645622,,,,,GROUP,True
Korea Republic,2026-06-13,1607.0,1468.0,19.0,120.0,83.88301182327318,,,,,GROUP,True
Korea Republic,2026-06-14,1544.0,1475.0,65.0,4.0,95.2720207253886,,,,,GROUP,True
Korea Republic,2026-06-15,777.0,767.0,7.0,3.0,98.32689832689833,,,,,GROUP,True
Korea Republic,2026-06-16,447.0,440.0,7.0,0.0,98.43400447427292,,,,,GROUP,True
Korea Republic,2026-06-17,,,,,,,,,,GROUP,False
Korea Republic,2026-06-18,,,,,,L,Group stage,Mexico,1-0 (0-0),GROUP,False
Korea Republic,2026-06-19,,,,,,,,,,GROUP,False
Korea Republic,2026-06-20,1017.0,380.0,249.0,388.0,-0.7866273352999017,,,,,GROUP,True
Korea Republic,2026-06-21,831.0,90.0,187.0,554.0,-55.836341756919374,,,,,GROUP,True
Korea Republic,2026-06-22,478.0,91.0,22.0,365.0,-57.32217573221757,,,,,GROUP,True
Korea Republic,2026-06-23,570.0,4.0,66.0,500.0,-87.01754385964912,,,,,GROUP,True
Korea Republic,2026-06-24,339.0,131.0,6.0,202.0,-20.94395280235988,L,Group stage,South Africa,1-0 (0-0),GROUP,True
Korea Republic,2026-06-25,832.0,271.0,72.0,489.0,-26.201923076923077,,,,,GROUP,True
Korea Republic,2026-06-26,1906.0,8.0,43.0,1855.0,-96.90451206715635,,,,,GROUP,True
Korea Republic,2026-06-27,3009.0,45.0,63.0,2901.0,-94.91525423728814,,,,,GROUP,True
Korea Republic,2026-06-28,2039.0,85.0,7.0,1947.0,-91.31927415399706,,,,,GROUP,True
Korea Republic,2026-06-29,1456.0,0.0,26.0,1430.0,-98.21428571428571,,,,,GROUP,True
Korea Republic,2026-06-30,1673.0,0.0,14.0,1659.0,-99.16317991631799,,,,,GROUP,True
Korea Republic,2026-07-01,1398.0,3.0,85.0,1310.0,-93.49070100143061,,,,,GROUP,True
Korea Republic,2026-07-02,1128.0,24.0,86.0,1018.0,-88.12056737588652,,,,,GROUP,True
Korea Republic,2026-07-03,1317.0,9.0,15.0,1293.0,-97.49430523917995,,,,,GROUP,True
Korea Republic,2026-07-04,836.0,255.0,5.0,576.0,-38.39712918660287,,,,,GROUP,True
Korea Republic,2026-07-05,745.0,415.0,11.0,319.0,12.885906040268456,,,,,GROUP,True
Korea Republic,2026-07-06,408.0,17.0,131.0,260.0,-59.55882352941177,,,,,GROUP,True
Korea Republic,2026-07-07,,,,,,,,,,GROUP,False
Korea Republic,2026-07-08,,,,,,,,,,GROUP,False
Korea Republic,2026-07-09,,,,,,,,,,GROUP,False
Korea Republic,2026-07-10,,,,,,,,,,GROUP,False
Korea Republic,2026-07-11,,,,,,,,,,GROUP,False
Korea Republic,2026-07-12,,,,,,,,,,GROUP,False
Korea Republic,2026-07-13,,,,,,,,,,GROUP,False
Korea Republic,2026-07-14,,,,,,,,,,GROUP,False
Korea Republic,2026-07-15,236.0,70.0,7.0,159.0,-37.71186440677966,,,,,GROUP,True
Korea Republic,2026-07-16,,,,,,,,,,GROUP,False
Korea Republic,2026-07-17,81.0,0.0,1.0,80.0,-98.76543209876543,,,,,GROUP,True
Korea Republic,2026-07-18,272.0,6.0,1.0,265.0,-95.22058823529412,,,,,GROUP,True
Korea Republic,2026-07-19,254.0,5.0,2.0,247.0,-95.2755905511811,,,,,GROUP,True
Korea Republic,2026-07-20,272.0,0.0,2.0,270.0,-99.26470588235294,,,,,GROUP,True
Korea Republic,2026-07-21,,,,,,,,,,GROUP,False
Türkiye,2026-06-11,,,,,,,,,,GROUP,False
Türkiye,2026-06-12,,,,,,,,,,GROUP,False
Türkiye,2026-06-13,,,,,,L,Group stage,Australia,2-0 (1-0),GROUP,False
Türkiye,2026-06-14,,,,,,,,,,GROUP,False
Türkiye,2026-06-15,313.0,145.0,51.0,117.0,8.945686900958467,,,,,GROUP,True
Türkiye,2026-06-16,498.0,69.0,98.0,331.0,-52.610441767068274,,,,,GROUP,True
Türkiye,2026-06-17,,,,,,,,,,GROUP,False
Türkiye,2026-06-18,,,,,,,,,,GROUP,False
Türkiye,2026-06-19,,,,,,L,Group stage,Paraguay,0-1 (0-1),GROUP,False
Türkiye,2026-06-20,,,,,,,,,,GROUP,False
Türkiye,2026-06-21,1635.0,12.0,117.0,1506.0,-91.37614678899082,,,,,GROUP,True
Türkiye,2026-06-22,2597.0,3.0,79.0,2515.0,-96.726992683866,,,,,GROUP,True
Türkiye,2026-06-23,335.0,0.0,29.0,306.0,-91.34328358208955,,,,,GROUP,True
Türkiye,2026-06-24,,,,,,,,,,GROUP,False
Türkiye,2026-06-25,,,,,,W,Group stage,USA,3-2 (2-1),GROUP,False
Türkiye,2026-06-26,,,,,,,,,,GROUP,False
Türkiye,2026-06-27,590.0,351.0,17.0,222.0,21.864406779661017,,,,,GROUP,True
Türkiye,2026-06-28,1495.0,441.0,141.0,913.0,-31.57190635451505,,,,,GROUP,True
Türkiye,2026-06-29,,,,,,,,,,GROUP,False
Türkiye,2026-06-30,,,,,,,,,,GROUP,False
Türkiye,2026-07-01,,,,,,,,,,GROUP,False
Türkiye,2026-07-02,,,,,,,,,,GROUP,False
Türkiye,2026-07-03,,,,,,,,,,GROUP,False
Türkiye,2026-07-04,,,,,,,,,,GROUP,False
Türkiye,2026-07-05,,,,,,,,,,GROUP,False
Türkiye,2026-07-06,,,,,,,,,,GROUP,False
Türkiye,2026-07-07,,,,,,,,,,GROUP,False
Türkiye,2026-07-08,,,,,,,,,,GROUP,False
Türkiye,2026-07-09,,,,,,,,,,GROUP,False
Türkiye,2026-07-10,,,,,,,,,,GROUP,False
Türkiye,2026-07-11,,,,,,,,,,GROUP,False
Türkiye,2026-07-12,,,,,,,,,,GROUP,False
Türkiye,2026-07-13,,,,,,,,,,GROUP,False
Türkiye,2026-07-14,,,,,,,,,,GROUP,False
Türkiye,2026-07-15,,,,,,,,,,GROUP,False
Türkiye,2026-07-16,,,,,,,,,,GROUP,False
Türkiye,2026-07-17,,,,,,,,,,GROUP,False
Türkiye,2026-07-18,,,,,,,,,,GROUP,False
Türkiye,2026-07-19,,,,,,,,,,GROUP,False
Türkiye,2026-07-20,,,,,,,,,,GROUP,False
Türkiye,2026-07-21,,,,,,,,,,GROUP,False
Uzbekistan,2026-06-11,,,,,,,,,,GROUP,False
Uzbekistan,2026-06-12,,,,,,,,,,GROUP,False
Uzbekistan,2026-06-13,,,,,,,,,,GROUP,False
Uzbekistan,2026-06-14,,,,,,,,,,GROUP,False
Uzbekistan,2026-06-15,,,,,,,,,,GROUP,False
Uzbekistan,2026-06-16,,,,,,,,,,GROUP,False
Uzbekistan,2026-06-17,,,,,,L,Group stage,Colombia,1-3 (0-1),GROUP,False
Uzbekistan,2026-06-18,,,,,,,,,,GROUP,False
Uzbekistan,2026-06-19,687.0,677.0,9.0,1.0,98.39883551673945,,,,,GROUP,True
Uzbekistan,2026-06-20,550.0,507.0,37.0,6.0,91.0909090909091,,,,,GROUP,True
Uzbekistan,2026-06-21,,,,,,,,,,GROUP,False
Uzbekistan,2026-06-22,,,,,,,,,,GROUP,False
Uzbekistan,2026-06-23,,,,,,L,Group stage,Portugal,5-0 (3-0),GROUP,False
Uzbekistan,2026-06-24,449.0,382.0,28.0,39.0,76.39198218262806,,,,,GROUP,True
Uzbekistan,2026-06-25,1192.0,938.0,199.0,55.0,74.07718120805369,,,,,GROUP,True
Uzbekistan,2026-06-26,,,,,,,,,,GROUP,False
Uzbekistan,2026-06-27,,,,,,L,Group stage,Congo DR,3-1 (0-1),GROUP,False
Uzbekistan,2026-06-28,,,,,,,,,,GROUP,False
Uzbekistan,2026-06-29,783.0,590.0,108.0,85.0,64.4955300127714,,,,,GROUP,True
Uzbekistan,2026-06-30,723.0,273.0,216.0,234.0,5.394190871369295,,,,,GROUP,True
Uzbekistan,2026-07-01,391.0,294.0,37.0,60.0,59.846547314578004,,,,,GROUP,True
Uzbekistan,2026-07-02,,,,,,,,,,GROUP,False
Uzbekistan,2026-07-03,,,,,,,,,,GROUP,False
Uzbekistan,2026-07-04,,,,,,,,,,GROUP,False
Uzbekistan,2026-07-05,,,,,,,,,,GROUP,False
Uzbekistan,2026-07-06,,,,,,,,,,GROUP,False
Uzbekistan,2026-07-07,,,,,,,,,,GROUP,False
Uzbekistan,2026-07-08,,,,,,,,,,GROUP,False
Uzbekistan,2026-07-09,,,,,,,,,,GROUP,False
Uzbekistan,2026-07-10,,,,,,,,,,GROUP,False
Uzbekistan,2026-07-11,,,,,,,,,,GROUP,False
Uzbekistan,2026-07-12,,,,,,,,,,GROUP,False
Uzbekistan,2026-07-13,,,,,,,,,,GROUP,False
Uzbekistan,2026-07-14,,,,,,,,,,GROUP,False
Uzbekistan,2026-07-15,,,,,,,,,,GROUP,False
Uzbekistan,2026-07-16,,,,,,,,,,GROUP,False
Uzbekistan,2026-07-17,,,,,,,,,,GROUP,False
Uzbekistan,2026-07-18,,,,,,,,,,GROUP,False
Uzbekistan,2026-07-19,,,,,,,,,,GROUP,False
Uzbekistan,2026-07-20,,,,,,,,,,GROUP,False
Uzbekistan,2026-07-21,,,,,,,,,,GROUP,False
IR Iran,2026-06-11,,,,,,,,,,GROUP,False
IR Iran,2026-06-12,,,,,,,,,,GROUP,False
IR Iran,2026-06-13,,,,,,,,,,GROUP,False
IR Iran,2026-06-14,,,,,,,,,,GROUP,False
IR Iran,2026-06-15,,,,,,D,Group stage,New Zealand,2-2 (1-1),GROUP,False
IR Iran,2026-06-16,,,,,,,,,,GROUP,False
IR Iran,2026-06-17,394.0,325.0,51.0,18.0,77.91878172588832,,,,,GROUP,True
IR Iran,2026-06-18,583.0,513.0,64.0,6.0,86.96397941680961,,,,,GROUP,True
IR Iran,2026-06-19,,,,,,,,,,GROUP,False
IR Iran,2026-06-20,405.0,62.0,15.0,328.0,-65.67901234567901,,,,,GROUP,True
IR Iran,2026-06-21,,,,,,D,Group stage,Belgium,0-0,GROUP,False
IR Iran,2026-06-22,,,,,,,,,,GROUP,False
IR Iran,2026-06-23,354.0,344.0,10.0,0.0,97.17514124293785,,,,,GROUP,True
IR Iran,2026-06-24,,,,,,,,,,GROUP,False
IR Iran,2026-06-25,,,,,,,,,,GROUP,False
IR Iran,2026-06-26,,,,,,D,Group stage,Egypt,1-1 (1-1),GROUP,False
IR Iran,2026-06-27,,,,,,,,,,GROUP,False
IR Iran,2026-06-28,,,,,,,,,,GROUP,False
IR Iran,2026-06-29,569.0,436.0,40.0,93.0,60.28119507908612,,,,,GROUP,True
IR Iran,2026-06-30,,,,,,,,,,GROUP,False
IR Iran,2026-07-01,,,,,,,,,,GROUP,False
IR Iran,2026-07-02,,,,,,,,,,GROUP,False
IR Iran,2026-07-03,,,,,,,,,,GROUP,False
IR Iran,2026-07-04,,,,,,,,,,GROUP,False
IR Iran,2026-07-05,,,,,,,,,,GROUP,False
IR Iran,2026-07-06,,,,,,,,,,GROUP,False
IR Iran,2026-07-07,,,,,,,,,,GROUP,False
IR Iran,2026-07-08,,,,,,,,,,GROUP,False
IR Iran,2026-07-09,,,,,,,,,,GROUP,False
IR Iran,2026-07-10,,,,,,,,,,GROUP,False
IR Iran,2026-07-11,,,,,,,,,,GROUP,False
IR Iran,2026-07-12,,,,,,,,,,GROUP,False
IR Iran,2026-07-13,,,,,,,,,,GROUP,False
IR Iran,2026-07-14,,,,,,,,,,GROUP,False
IR Iran,2026-07-15,,,,,,,,,,GROUP,False
IR Iran,2026-07-16,,,,,,,,,,GROUP,False
IR Iran,2026-07-17,,,,,,,,,,GROUP,False
IR Iran,2026-07-18,,,,,,,,,,GROUP,False
IR Iran,2026-07-19,,,,,,,,,,GROUP,False
IR Iran,2026-07-20,,,,,,,,,,GROUP,False
IR Iran,2026-07-21,,,,,,,,,,GROUP,False
Jordan,2026-06-11,,,,,,,,,,GROUP,False
Jordan,2026-06-12,,,,,,,,,,GROUP,False
Jordan,2026-06-13,,,,,,,,,,GROUP,False
Jordan,2026-06-14,,,,,,,,,,GROUP,False
Jordan,2026-06-15,,,,,,,,,,GROUP,False
Jordan,2026-06-16,,,,,,L,Group stage,Austria,3-1 (1-0),GROUP,False
Jordan,2026-06-17,,,,,,,,,,GROUP,False
Jordan,2026-06-18,,,,,,,,,,GROUP,False
Jordan,2026-06-19,,,,,,,,,,GROUP,False
Jordan,2026-06-20,,,,,,,,,,GROUP,False
Jordan,2026-06-21,,,,,,,,,,GROUP,False
Jordan,2026-06-22,,,,,,L,Group stage,Algeria,1-2 (1-0),GROUP,False
Jordan,2026-06-23,,,,,,,,,,GROUP,False
Jordan,2026-06-24,505.0,265.0,135.0,105.0,31.683168316831683,,,,,GROUP,True
Jordan,2026-06-25,558.0,275.0,138.0,145.0,23.29749103942652,,,,,GROUP,True
Jordan,2026-06-26,,,,,,,,,,GROUP,False
Jordan,2026-06-27,,,,,,L,Group stage,Argentina,1-3 (0-2),GROUP,False
Jordan,2026-06-28,,,,,,,,,,GROUP,False
Jordan,2026-06-29,,,,,,,,,,GROUP,False
Jordan,2026-06-30,478.0,364.0,60.0,54.0,64.85355648535565,,,,,GROUP,True
Jordan,2026-07-01,,,,,,,,,,GROUP,False
Jordan,2026-07-02,,,,,,,,,,GROUP,False
Jordan,2026-07-03,,,,,,,,,,GROUP,False
Jordan,2026-07-04,,,,,,,,,,GROUP,False
Jordan,2026-07-05,,,,,,,,,,GROUP,False
Jordan,2026-07-06,,,,,,,,,,GROUP,False
Jordan,2026-07-07,,,,,,,,,,GROUP,False
Jordan,2026-07-08,,,,,,,,,,GROUP,False
Jordan,2026-07-09,,,,,,,,,,GROUP,False
Jordan,2026-07-10,,,,,,,,,,GROUP,False
Jordan,2026-07-11,,,,,,,,,,GROUP,False
Jordan,2026-07-12,,,,,,,,,,GROUP,False
Jordan,2026-07-13,,,,,,,,,,GROUP,False
Jordan,2026-07-14,,,,,,,,,,GROUP,False
Jordan,2026-07-15,,,,,,,,,,GROUP,False
Jordan,2026-07-16,,,,,,,,,,GROUP,False
Jordan,2026-07-17,,,,,,,,,,GROUP,False
Jordan,2026-07-18,,,,,,,,,,GROUP,False
Jordan,2026-07-19,,,,,,,,,,GROUP,False
Jordan,2026-07-20,,,,,,,,,,GROUP,False
Jordan,2026-07-21,,,,,,,,,,GROUP,False
Tunisia,2026-06-11,,,,,,,,,,GROUP,False
Tunisia,2026-06-12,,,,,,,,,,GROUP,False
Tunisia,2026-06-13,,,,,,,,,,GROUP,False
Tunisia,2026-06-14,,,,,,L,Group stage,Sweden,5-1 (2-1),GROUP,False
Tunisia,2026-06-15,,,,,,,,,,GROUP,False
Tunisia,2026-06-16,,,,,,,,,,GROUP,False
Tunisia,2026-06-17,,,,,,,,,,GROUP,False
Tunisia,2026-06-18,,,,,,,,,,GROUP,False
Tunisia,2026-06-19,,,,,,,,,,GROUP,False
Tunisia,2026-06-20,,,,,,L,Group stage,Japan,0-4 (0-2),GROUP,False
Tunisia,2026-06-21,,,,,,,,,,GROUP,False
Tunisia,2026-06-22,484.0,226.0,148.0,110.0,23.96694214876033,,,,,GROUP,True
Tunisia,2026-06-23,511.0,97.0,145.0,269.0,-33.65949119373777,,,,,GROUP,True
Tunisia,2026-06-24,,,,,,,,,,GROUP,False
Tunisia,2026-06-25,,,,,,L,Group stage,Netherlands,1-3 (0-2),GROUP,False
Tunisia,2026-06-26,,,,,,,,,,GROUP,False
Tunisia,2026-06-27,,,,,,,,,,GROUP,False
Tunisia,2026-06-28,,,,,,,,,,GROUP,False
Tunisia,2026-06-29,,,,,,,,,,GROUP,False
Tunisia,2026-06-30,,,,,,,,,,GROUP,False
Tunisia,2026-07-01,,,,,,,,,,GROUP,False
Tunisia,2026-07-02,,,,,,,,,,GROUP,False
Tunisia,2026-07-03,,,,,,,,,,GROUP,False
Tunisia,2026-07-04,,,,,,,,,,GROUP,False
Tunisia,2026-07-05,,,,,,,,,,GROUP,False
Tunisia,2026-07-06,,,,,,,,,,GROUP,False
Tunisia,2026-07-07,,,,,,,,,,GROUP,False
Tunisia,2026-07-08,,,,,,,,,,GROUP,False
Tunisia,2026-07-09,,,,,,,,,,GROUP,False
Tunisia,2026-07-10,,,,,,,,,,GROUP,False
Tunisia,2026-07-11,,,,,,,,,,GROUP,False
Tunisia,2026-07-12,,,,,,,,,,GROUP,False
Tunisia,2026-07-13,,,,,,,,,,GROUP,False
Tunisia,2026-07-14,,,,,,,,,,GROUP,False
Tunisia,2026-07-15,,,,,,,,,,GROUP,False
Tunisia,2026-07-16,,,,,,,,,,GROUP,False
Tunisia,2026-07-17,,,,,,,,,,GROUP,False
Tunisia,2026-07-18,,,,,,,,,,GROUP,False
Tunisia,2026-07-19,,,,,,,,,,GROUP,False
Tunisia,2026-07-20,,,,,,,,,,GROUP,False
Tunisia,2026-07-21,,,,,,,,,,GROUP,False
Qatar,2026-06-11,,,,,,,,,,GROUP,False
Qatar,2026-06-12,,,,,,,,,,GROUP,False
Qatar,2026-06-13,,,,,,D,Group stage,Switzerland,1-1 (0-1),GROUP,False
Qatar,2026-06-14,331.0,306.0,19.0,6.0,90.6344410876133,,,,,GROUP,True
Qatar,2026-06-15,,,,,,,,,,GROUP,False
Qatar,2026-06-16,,,,,,,,,,GROUP,False
Qatar,2026-06-17,,,,,,,,,,GROUP,False
Qatar,2026-06-18,,,,,,L,Group stage,Canada,6-0 (3-0),GROUP,False
Qatar,2026-06-19,,,,,,,,,,GROUP,False
Qatar,2026-06-20,392.0,6.0,10.0,376.0,-94.38775510204081,,,,,GROUP,True
Qatar,2026-06-21,236.0,1.0,8.0,227.0,-95.76271186440678,,,,,GROUP,True
Qatar,2026-06-22,,,,,,,,,,GROUP,False
Qatar,2026-06-23,,,,,,,,,,GROUP,False
Qatar,2026-06-24,,,,,,L,Group stage,Bosnia and Herzegovina,3-1 (2-1),GROUP,False
Qatar,2026-06-25,,,,,,,,,,GROUP,False
Qatar,2026-06-26,,,,,,,,,,GROUP,False
Qatar,2026-06-27,,,,,,,,,,GROUP,False
Qatar,2026-06-28,,,,,,,,,,GROUP,False
Qatar,2026-06-29,,,,,,,,,,GROUP,False
Qatar,2026-06-30,,,,,,,,,,GROUP,False
Qatar,2026-07-01,,,,,,,,,,GROUP,False
Qatar,2026-07-02,,,,,,,,,,GROUP,False
Qatar,2026-07-03,,,,,,,,,,GROUP,False
Qatar,2026-07-04,,,,,,,,,,GROUP,False
Qatar,2026-07-05,,,,,,,,,,GROUP,False
Qatar,2026-07-06,,,,,,,,,,GROUP,False
Qatar,2026-07-07,,,,,,,,,,GROUP,False
Qatar,2026-07-08,,,,,,,,,,GROUP,False
Qatar,2026-07-09,,,,,,,,,,GROUP,False
Qatar,2026-07-10,,,,,,,,,,GROUP,False
Qatar,2026-07-11,,,,,,,,,,GROUP,False
Qatar,2026-07-12,,,,,,,,,,GROUP,False
Qatar,2026-07-13,,,,,,,,,,GROUP,False
Qatar,2026-07-14,,,,,,,,,,GROUP,False
Qatar,2026-07-15,,,,,,,,,,GROUP,False
Qatar,2026-07-16,,,,,,,,,,GROUP,False
Qatar,2026-07-17,,,,,,,,,,GROUP,False
Qatar,2026-07-18,,,,,,,,,,GROUP,False
Qatar,2026-07-19,,,,,,,,,,GROUP,False
Qatar,2026-07-20,,,,,,,,,,GROUP,False
Qatar,2026-07-21,,,,,,,,,,GROUP,False
Uruguay,2026-06-11,,,,,,,,,,GROUP,False
Uruguay,2026-06-12,,,,,,,,,,GROUP,False
Uruguay,2026-06-13,,,,,,,,,,GROUP,False
Uruguay,2026-06-14,,,,,,,,,,GROUP,False
Uruguay,2026-06-15,,,,,,D,Group stage,Saudi Arabia,1-1 (1-0),GROUP,False
Uruguay,2026-06-16,,,,,,,,,,GROUP,False
Uruguay,2026-06-17,,,,,,,,,,GROUP,False
Uruguay,2026-06-18,,,,,,,,,,GROUP,False
Uruguay,2026-06-19,,,,,,,,,,GROUP,False
Uruguay,2026-06-20,,,,,,,,,,GROUP,False
Uruguay,2026-06-21,,,,,,D,Group stage,Cabo Verde,2-2 (2-1),GROUP,False
Uruguay,2026-06-22,,,,,,,,,,GROUP,False
Uruguay,2026-06-23,,,,,,,,,,GROUP,False
Uruguay,2026-06-24,,,,,,,,,,GROUP,False
Uruguay,2026-06-25,,,,,,,,,,GROUP,False
Uruguay,2026-06-26,,,,,,L,Group stage,Spain,0-1 (0-1),GROUP,False
Uruguay,2026-06-27,,,,,,,,,,GROUP,False
Uruguay,2026-06-28,504.0,11.0,27.0,466.0,-90.27777777777777,,,,,GROUP,True
Uruguay,2026-06-29,391.0,0.0,18.0,373.0,-95.39641943734016,,,,,GROUP,True
Uruguay,2026-06-30,,,,,,,,,,GROUP,False
Uruguay,2026-07-01,,,,,,,,,,GROUP,False
Uruguay,2026-07-02,,,,,,,,,,GROUP,False
Uruguay,2026-07-03,,,,,,,,,,GROUP,False
Uruguay,2026-07-04,,,,,,,,,,GROUP,False
Uruguay,2026-07-05,,,,,,,,,,GROUP,False
Uruguay,2026-07-06,,,,,,,,,,GROUP,False
Uruguay,2026-07-07,,,,,,,,,,GROUP,False
Uruguay,2026-07-08,,,,,,,,,,GROUP,False
Uruguay,2026-07-09,,,,,,,,,,GROUP,False
Uruguay,2026-07-10,,,,,,,,,,GROUP,False
Uruguay,2026-07-11,,,,,,,,,,GROUP,False
Uruguay,2026-07-12,,,,,,,,,,GROUP,False
Uruguay,2026-07-13,,,,,,,,,,GROUP,False
Uruguay,2026-07-14,,,,,,,,,,GROUP,False
Uruguay,2026-07-15,,,,,,,,,,GROUP,False
Uruguay,2026-07-16,,,,,,,,,,GROUP,False
Uruguay,2026-07-17,,,,,,,,,,GROUP,False
Uruguay,2026-07-18,,,,,,,,,,GROUP,False
Uruguay,2026-07-19,,,,,,,,,,GROUP,False
Uruguay,2026-07-20,,,,,,,,,,GROUP,False
Uruguay,2026-07-21,,,,,,,,,,GROUP,False
Saudi Arabia,2026-06-11,,,,,,,,,,GROUP,False
Saudi Arabia,2026-06-12,,,,,,,,,,GROUP,False
Saudi Arabia,2026-06-13,,,,,,,,,,GROUP,False
Saudi Arabia,2026-06-14,,,,,,,,,,GROUP,False
Saudi Arabia,2026-06-15,,,,,,D,Group stage,Uruguay,1-1 (1-0),GROUP,False
Saudi Arabia,2026-06-16,,,,,,,,,,GROUP,False
Saudi Arabia,2026-06-17,,,,,,,,,,GROUP,False
Saudi Arabia,2026-06-18,461.0,412.0,48.0,1.0,89.15401301518438,,,,,GROUP,True
Saudi Arabia,2026-06-19,,,,,,,,,,GROUP,False
Saudi Arabia,2026-06-20,,,,,,,,,,GROUP,False
Saudi Arabia,2026-06-21,,,,,,L,Group stage,Spain,4-0 (3-0),GROUP,False
Saudi Arabia,2026-06-22,,,,,,,,,,GROUP,False
Saudi Arabia,2026-06-23,274.0,5.0,41.0,228.0,-81.38686131386861,,,,,GROUP,True
Saudi Arabia,2026-06-24,,,,,,,,,,GROUP,False
Saudi Arabia,2026-06-25,,,,,,,,,,GROUP,False
Saudi Arabia,2026-06-26,,,,,,D,Group stage,Cabo Verde,0-0,GROUP,False
Saudi Arabia,2026-06-27,,,,,,,,,,GROUP,False
Saudi Arabia,2026-06-28,,,,,,,,,,GROUP,False
Saudi Arabia,2026-06-29,,,,,,,,,,GROUP,False
Saudi Arabia,2026-06-30,,,,,,,,,,GROUP,False
Saudi Arabia,2026-07-01,,,,,,,,,,GROUP,False
Saudi Arabia,2026-07-02,,,,,,,,,,GROUP,False
Saudi Arabia,2026-07-03,,,,,,,,,,GROUP,False
Saudi Arabia,2026-07-04,,,,,,,,,,GROUP,False
Saudi Arabia,2026-07-05,,,,,,,,,,GROUP,False
Saudi Arabia,2026-07-06,,,,,,,,,,GROUP,False
Saudi Arabia,2026-07-07,,,,,,,,,,GROUP,False
Saudi Arabia,2026-07-08,,,,,,,,,,GROUP,False
Saudi Arabia,2026-07-09,,,,,,,,,,GROUP,False
Saudi Arabia,2026-07-10,,,,,,,,,,GROUP,False
Saudi Arabia,2026-07-11,,,,,,,,,,GROUP,False
Saudi Arabia,2026-07-12,,,,,,,,,,GROUP,False
Saudi Arabia,2026-07-13,,,,,,,,,,GROUP,False
Saudi Arabia,2026-07-14,,,,,,,,,,GROUP,False
Saudi Arabia,2026-07-15,,,,,,,,,,GROUP,False
Saudi Arabia,2026-07-16,,,,,,,,,,GROUP,False
Saudi Arabia,2026-07-17,,,,,,,,,,GROUP,False
Saudi Arabia,2026-07-18,,,,,,,,,,GROUP,False
Saudi Arabia,2026-07-19,,,,,,,,,,GROUP,False
Saudi Arabia,2026-07-20,,,,,,,,,,GROUP,False
Saudi Arabia,2026-07-21,,,,,,,,,,GROUP,False
Haiti,2026-06-11,,,,,,,,,,GROUP,False
Haiti,2026-06-12,,,,,,,,,,GROUP,False
Haiti,2026-06-13,,,,,,L,Group stage,Scotland,0-1 (0-1),GROUP,False
Haiti,2026-06-14,,,,,,,,,,GROUP,False
Haiti,2026-06-15,,,,,,,,,,GROUP,False
Haiti,2026-06-16,,,,,,,,,,GROUP,False
Haiti,2026-06-17,,,,,,,,,,GROUP,False
Haiti,2026-06-18,,,,,,,,,,GROUP,False
Haiti,2026-06-19,,,,,,L,Group stage,Brazil,3-0 (3-0),GROUP,False
Haiti,2026-06-20,,,,,,,,,,GROUP,False
Haiti,2026-06-21,369.0,169.0,190.0,10.0,43.08943089430894,,,,,GROUP,True
Haiti,2026-06-22,,,,,,,,,,GROUP,False
Haiti,2026-06-23,,,,,,,,,,GROUP,False
Haiti,2026-06-24,,,,,,L,Group stage,Morocco,4-2 (2-2),GROUP,False
Haiti,2026-06-25,,,,,,,,,,GROUP,False
Haiti,2026-06-26,,,,,,,,,,GROUP,False
Haiti,2026-06-27,,,,,,,,,,GROUP,False
Haiti,2026-06-28,,,,,,,,,,GROUP,False
Haiti,2026-06-29,,,,,,,,,,GROUP,False
Haiti,2026-06-30,,,,,,,,,,GROUP,False
Haiti,2026-07-01,,,,,,,,,,GROUP,False
Haiti,2026-07-02,,,,,,,,,,GROUP,False
Haiti,2026-07-03,,,,,,,,,,GROUP,False
Haiti,2026-07-04,,,,,,,,,,GROUP,False
Haiti,2026-07-05,,,,,,,,,,GROUP,False
Haiti,2026-07-06,,,,,,,,,,GROUP,False
Haiti,2026-07-07,,,,,,,,,,GROUP,False
Haiti,2026-07-08,,,,,,,,,,GROUP,False
Haiti,2026-07-09,,,,,,,,,,GROUP,False
Haiti,2026-07-10,,,,,,,,,,GROUP,False
Haiti,2026-07-11,,,,,,,,,,GROUP,False
Haiti,2026-07-12,,,,,,,,,,GROUP,False
Haiti,2026-07-13,,,,,,,,,,GROUP,False
Haiti,2026-07-14,,,,,,,,,,GROUP,False
Haiti,2026-07-15,,,,,,,,,,GROUP,False
Haiti,2026-07-16,,,,,,,,,,GROUP,False
Haiti,2026-07-17,,,,,,,,,,GROUP,False
Haiti,2026-07-18,,,,,,,,,,GROUP,False
Haiti,2026-07-19,,,,,,,,,,GROUP,False
Haiti,2026-07-20,,,,,,,,,,GROUP,False
Haiti,2026-07-21,,,,,,,,,,GROUP,False
Iraq,2026-06-11,,,,,,,,,,GROUP,False
Iraq,2026-06-12,,,,,,,,,,GROUP,False
Iraq,2026-06-13,,,,,,,,,,GROUP,False
Iraq,2026-06-14,,,,,,,,,,GROUP,False
Iraq,2026-06-15,,,,,,,,,,GROUP,False
Iraq,2026-06-16,,,,,,L,Group stage,Norway,1-4 (1-2),GROUP,False
Iraq,2026-06-17,,,,,,,,,,GROUP,False
Iraq,2026-06-18,326.0,243.0,63.0,20.0,68.40490797546012,,,,,GROUP,True
Iraq,2026-06-19,,,,,,,,,,GROUP,False
Iraq,2026-06-20,,,,,,,,,,GROUP,False
Iraq,2026-06-21,,,,,,,,,,GROUP,False
Iraq,2026-06-22,,,,,,L,Group stage,France,3-0 (1-0),GROUP,False
Iraq,2026-06-23,,,,,,,,,,GROUP,False
Iraq,2026-06-24,,,,,,,,,,GROUP,False
Iraq,2026-06-25,,,,,,,,,,GROUP,False
Iraq,2026-06-26,,,,,,L,Group stage,Senegal,5-0 (1-0),GROUP,False
Iraq,2026-06-27,,,,,,,,,,GROUP,False
Iraq,2026-06-28,,,,,,,,,,GROUP,False
Iraq,2026-06-29,,,,,,,,,,GROUP,False
Iraq,2026-06-30,,,,,,,,,,GROUP,False
Iraq,2026-07-01,,,,,,,,,,GROUP,False
Iraq,2026-07-02,,,,,,,,,,GROUP,False
Iraq,2026-07-03,,,,,,,,,,GROUP,False
Iraq,2026-07-04,,,,,,,,,,GROUP,False
Iraq,2026-07-05,,,,,,,,,,GROUP,False
Iraq,2026-07-06,,,,,,,,,,GROUP,False
Iraq,2026-07-07,,,,,,,,,,GROUP,False
Iraq,2026-07-08,,,,,,,,,,GROUP,False
Iraq,2026-07-09,,,,,,,,,,GROUP,False
Iraq,2026-07-10,,,,,,,,,,GROUP,False
Iraq,2026-07-11,,,,,,,,,,GROUP,False
Iraq,2026-07-12,,,,,,,,,,GROUP,False
Iraq,2026-07-13,,,,,,,,,,GROUP,False
Iraq,2026-07-14,,,,,,,,,,GROUP,False
Iraq,2026-07-15,,,,,,,,,,GROUP,False
Iraq,2026-07-16,,,,,,,,,,GROUP,False
Iraq,2026-07-17,,,,,,,,,,GROUP,False
Iraq,2026-07-18,,,,,,,,,,GROUP,False
Iraq,2026-07-19,,,,,,,,,,GROUP,False
Iraq,2026-07-20,,,,,,,,,,GROUP,False
Iraq,2026-07-21,,,,,,,,,,GROUP,False
Curaçao,2026-06-11,,,,,,,,,,GROUP,False
Curaçao,2026-06-12,,,,,,,,,,GROUP,False
Curaçao,2026-06-13,,,,,,,,,,GROUP,False
Curaçao,2026-06-14,,,,,,L,Group stage,Germany,7-1 (3-1),GROUP,False
Curaçao,2026-06-15,,,,,,,,,,GROUP,False
Curaçao,2026-06-16,,,,,,,,,,GROUP,False
Curaçao,2026-06-17,,,,,,,,,,GROUP,False
Curaçao,2026-06-18,,,,,,,,,,GROUP,False
Curaçao,2026-06-19,,,,,,,,,,GROUP,False
Curaçao,2026-06-20,,,,,,D,Group stage,Ecuador,0-0,GROUP,False
Curaçao,2026-06-21,,,,,,,,,,GROUP,False
Curaçao,2026-06-22,,,,,,,,,,GROUP,False
Curaçao,2026-06-23,,,,,,,,,,GROUP,False
Curaçao,2026-06-24,,,,,,,,,,GROUP,False
Curaçao,2026-06-25,,,,,,L,Group stage,Côte d'Ivoire,0-2 (0-1),GROUP,False
Curaçao,2026-06-26,,,,,,,,,,GROUP,False
Curaçao,2026-06-27,,,,,,,,,,GROUP,False
Curaçao,2026-06-28,,,,,,,,,,GROUP,False
Curaçao,2026-06-29,,,,,,,,,,GROUP,False
Curaçao,2026-06-30,,,,,,,,,,GROUP,False
Curaçao,2026-07-01,,,,,,,,,,GROUP,False
Curaçao,2026-07-02,,,,,,,,,,GROUP,False
Curaçao,2026-07-03,,,,,,,,,,GROUP,False
Curaçao,2026-07-04,,,,,,,,,,GROUP,False
Curaçao,2026-07-05,,,,,,,,,,GROUP,False
Curaçao,2026-07-06,,,,,,,,,,GROUP,False
Curaçao,2026-07-07,,,,,,,,,,GROUP,False
Curaçao,2026-07-08,,,,,,,,,,GROUP,False
Curaçao,2026-07-09,,,,,,,,,,GROUP,False
Curaçao,2026-07-10,,,,,,,,,,GROUP,False
Curaçao,2026-07-11,,,,,,,,,,GROUP,False
Curaçao,2026-07-12,,,,,,,,,,GROUP,False
Curaçao,2026-07-13,,,,,,,,,,GROUP,False
Curaçao,2026-07-14,,,,,,,,,,GROUP,False
Curaçao,2026-07-15,,,,,,,,,,GROUP,False
Curaçao,2026-07-16,,,,,,,,,,GROUP,False
Curaçao,2026-07-17,,,,,,,,,,GROUP,False
Curaçao,2026-07-18,,,,,,,,,,GROUP,False
Curaçao,2026-07-19,,,,,,,,,,GROUP,False
Curaçao,2026-07-20,,,,,,,,,,GROUP,False
Curaçao,2026-07-21,,,,,,,,,,GROUP,False
Czechia,2026-06-11,,,,,,L,Group stage,Korea Republic,2-1 (0-0),GROUP,False
Czechia,2026-06-12,,,,,,,,,,GROUP,False
Czechia,2026-06-13,,,,,,,,,,GROUP,False
Czechia,2026-06-14,,,,,,,,,,GROUP,False
Czechia,2026-06-15,,,,,,,,,,GROUP,False
Czechia,2026-06-16,,,,,,,,,,GROUP,False
Czechia,2026-06-17,,,,,,,,,,GROUP,False
Czechia,2026-06-18,,,,,,D,Group stage,South Africa,1-1 (1-0),GROUP,False
Czechia,2026-06-19,,,,,,,,,,GROUP,False
Czechia,2026-06-20,,,,,,,,,,GROUP,False
Czechia,2026-06-21,,,,,,,,,,GROUP,False
Czechia,2026-06-22,,,,,,,,,,GROUP,False
Czechia,2026-06-23,,,,,,,,,,GROUP,False
Czechia,2026-06-24,,,,,,L,Group stage,Mexico,0-3 (0-0),GROUP,False
Czechia,2026-06-25,,,,,,,,,,GROUP,False
Czechia,2026-06-26,,,,,,,,,,GROUP,False
Czechia,2026-06-27,,,,,,,,,,GROUP,False
Czechia,2026-06-28,,,,,,,,,,GROUP,False
Czechia,2026-06-29,,,,,,,,,,GROUP,False
Czechia,2026-06-30,,,,,,,,,,GROUP,False
Czechia,2026-07-01,,,,,,,,,,GROUP,False
Czechia,2026-07-02,,,,,,,,,,GROUP,False
Czechia,2026-07-03,,,,,,,,,,GROUP,False
Czechia,2026-07-04,,,,,,,,,,GROUP,False
Czechia,2026-07-05,,,,,,,,,,GROUP,False
Czechia,2026-07-06,,,,,,,,,,GROUP,False
Czechia,2026-07-07,,,,,,,,,,GROUP,False
Czechia,2026-07-08,,,,,,,,,,GROUP,False
Czechia,2026-07-09,,,,,,,,,,GROUP,False
Czechia,2026-07-10,,,,,,,,,,GROUP,False
Czechia,2026-07-11,,,,,,,,,,GROUP,False
Czechia,2026-07-12,,,,,,,,,,GROUP,False
Czechia,2026-07-13,,,,,,,,,,GROUP,False
Czechia,2026-07-14,,,,,,,,,,GROUP,False
Czechia,2026-07-15,,,,,,,,,,GROUP,False
Czechia,2026-07-16,,,,,,,,,,GROUP,False
Czechia,2026-07-17,,,,,,,,,,GROUP,False
Czechia,2026-07-18,,,,,,,,,,GROUP,False
Czechia,2026-07-19,,,,,,,,,,GROUP,False
Czechia,2026-07-20,,,,,,,,,,GROUP,False
Czechia,2026-07-21,,,,,,,,,,GROUP,False
New Zealand,2026-06-11,,,,,,,,,,GROUP,False
New Zealand,2026-06-12,,,,,,,,,,GROUP,False
New Zealand,2026-06-13,,,,,,,,,,GROUP,False
New Zealand,2026-06-14,,,,,,,,,,GROUP,False
New Zealand,2026-06-15,,,,,,D,Group stage,IR Iran,2-2 (1-1),GROUP,False
New Zealand,2026-06-16,,,,,,,,,,GROUP,False
New Zealand,2026-06-17,,,,,,,,,,GROUP,False
New Zealand,2026-06-18,,,,,,,,,,GROUP,False
New Zealand,2026-06-19,,,,,,,,,,GROUP,False
New Zealand,2026-06-20,,,,,,,,,,GROUP,False
New Zealand,2026-06-21,,,,,,L,Group stage,Egypt,1-3 (1-0),GROUP,False
New Zealand,2026-06-22,,,,,,,,,,GROUP,False
New Zealand,2026-06-23,,,,,,,,,,GROUP,False
New Zealand,2026-06-24,,,,,,,,,,GROUP,False
New Zealand,2026-06-25,,,,,,,,,,GROUP,False
New Zealand,2026-06-26,,,,,,L,Group stage,Belgium,1-5 (0-1),GROUP,False
New Zealand,2026-06-27,,,,,,,,,,GROUP,False
New Zealand,2026-06-28,,,,,,,,,,GROUP,False
New Zealand,2026-06-29,,,,,,,,,,GROUP,False
New Zealand,2026-06-30,,,,,,,,,,GROUP,False
New Zealand,2026-07-01,,,,,,,,,,GROUP,False
New Zealand,2026-07-02,,,,,,,,,,GROUP,False
New Zealand,2026-07-03,,,,,,,,,,GROUP,False
New Zealand,2026-07-04,,,,,,,,,,GROUP,False
New Zealand,2026-07-05,,,,,,,,,,GROUP,False
New Zealand,2026-07-06,,,,,,,,,,GROUP,False
New Zealand,2026-07-07,,,,,,,,,,GROUP,False
New Zealand,2026-07-08,,,,,,,,,,GROUP,False
New Zealand,2026-07-09,,,,,,,,,,GROUP,False
New Zealand,2026-07-10,,,,,,,,,,GROUP,False
New Zealand,2026-07-11,,,,,,,,,,GROUP,False
New Zealand,2026-07-12,,,,,,,,,,GROUP,False
New Zealand,2026-07-13,,,,,,,,,,GROUP,False
New Zealand,2026-07-14,,,,,,,,,,GROUP,False
New Zealand,2026-07-15,,,,,,,,,,GROUP,False
New Zealand,2026-07-16,,,,,,,,,,GROUP,False
New Zealand,2026-07-17,,,,,,,,,,GROUP,False
New Zealand,2026-07-18,,,,,,,,,,GROUP,False
New Zealand,2026-07-19,,,,,,,,,,GROUP,False
New Zealand,2026-07-20,,,,,,,,,,GROUP,False
New Zealand,2026-07-21,,,,,,,,,,GROUP,False
Panama,2026-06-11,,,,,,,,,,GROUP,False
Panama,2026-06-12,,,,,,,,,,GROUP,False
Panama,2026-06-13,,,,,,,,,,GROUP,False
Panama,2026-06-14,,,,,,,,,,GROUP,False
Panama,2026-06-15,,,,,,,,,,GROUP,False
Panama,2026-06-16,,,,,,,,,,GROUP,False
Panama,2026-06-17,,,,,,L,Group stage,Ghana,1-0 (0-0),GROUP,False
Panama,2026-06-18,,,,,,,,,,GROUP,False
Panama,2026-06-19,,,,,,,,,,GROUP,False
Panama,2026-06-20,,,,,,,,,,GROUP,False
Panama,2026-06-21,,,,,,,,,,GROUP,False
Panama,2026-06-22,,,,,,,,,,GROUP,False
Panama,2026-06-23,,,,,,L,Group stage,Croatia,0-1 (0-0),GROUP,False
Panama,2026-06-24,,,,,,,,,,GROUP,False
Panama,2026-06-25,,,,,,,,,,GROUP,False
Panama,2026-06-26,,,,,,,,,,GROUP,False
Panama,2026-06-27,,,,,,L,Group stage,England,0-2 (0-0),GROUP,False
Panama,2026-06-28,,,,,,,,,,GROUP,False
Panama,2026-06-29,,,,,,,,,,GROUP,False
Panama,2026-06-30,,,,,,,,,,GROUP,False
Panama,2026-07-01,,,,,,,,,,GROUP,False
Panama,2026-07-02,,,,,,,,,,GROUP,False
Panama,2026-07-03,,,,,,,,,,GROUP,False
Panama,2026-07-04,,,,,,,,,,GROUP,False
Panama,2026-07-05,,,,,,,,,,GROUP,False
Panama,2026-07-06,,,,,,,,,,GROUP,False
Panama,2026-07-07,,,,,,,,,,GROUP,False
Panama,2026-07-08,,,,,,,,,,GROUP,False
Panama,2026-07-09,,,,,,,,,,GROUP,False
Panama,2026-07-10,,,,,,,,,,GROUP,False
Panama,2026-07-11,,,,,,,,,,GROUP,False
Panama,2026-07-12,,,,,,,,,,GROUP,False
Panama,2026-07-13,,,,,,,,,,GROUP,False
Panama,2026-07-14,,,,,,,,,,GROUP,False
Panama,2026-07-15,,,,,,,,,,GROUP,False
Panama,2026-07-16,,,,,,,,,,GROUP,False
Panama,2026-07-17,,,,,,,,,,GROUP,False
Panama,2026-07-18,,,,,,,,,,GROUP,False
Panama,2026-07-19,,,,,,,,,,GROUP,False
Panama,2026-07-20,,,,,,,,,,GROUP,False
Panama,2026-07-21,,,,,,,,,,GROUP,False
Scotland,2026-06-11,,,,,,,,,,GROUP,False
Scotland,2026-06-12,,,,,,,,,,GROUP,False
Scotland,2026-06-13,,,,,,W,Group stage,Haiti,0-1 (0-1),GROUP,False
Scotland,2026-06-14,,,,,,,,,,GROUP,False
Scotland,2026-06-15,,,,,,,,,,GROUP,False
Scotland,2026-06-16,,,,,,,,,,GROUP,False
Scotland,2026-06-17,,,,,,,,,,GROUP,False
Scotland,2026-06-18,,,,,,,,,,GROUP,False
Scotland,2026-06-19,,,,,,L,Group stage,Morocco,0-1 (0-1),GROUP,False
Scotland,2026-06-20,,,,,,,,,,GROUP,False
Scotland,2026-06-21,,,,,,,,,,GROUP,False
Scotland,2026-06-22,,,,,,,,,,GROUP,False
Scotland,2026-06-23,,,,,,,,,,GROUP,False
Scotland,2026-06-24,,,,,,L,Group stage,Brazil,0-3 (0-2),GROUP,False
Scotland,2026-06-25,,,,,,,,,,GROUP,False
Scotland,2026-06-26,,,,,,,,,,GROUP,False
Scotland,2026-06-27,,,,,,,,,,GROUP,False
Scotland,2026-06-28,,,,,,,,,,GROUP,False
Scotland,2026-06-29,,,,,,,,,,GROUP,False
Scotland,2026-06-30,,,,,,,,,,GROUP,False
Scotland,2026-07-01,,,,,,,,,,GROUP,False
Scotland,2026-07-02,,,,,,,,,,GROUP,False
Scotland,2026-07-03,,,,,,,,,,GROUP,False
Scotland,2026-07-04,,,,,,,,,,GROUP,False
Scotland,2026-07-05,,,,,,,,,,GROUP,False
Scotland,2026-07-06,,,,,,,,,,GROUP,False
Scotland,2026-07-07,,,,,,,,,,GROUP,False
Scotland,2026-07-08,,,,,,,,,,GROUP,False
Scotland,2026-07-09,,,,,,,,,,GROUP,False
Scotland,2026-07-10,,,,,,,,,,GROUP,False
Scotland,2026-07-11,,,,,,,,,,GROUP,False
Scotland,2026-07-12,,,,,,,,,,GROUP,False
Scotland,2026-07-13,,,,,,,,,,GROUP,False
Scotland,2026-07-14,,,,,,,,,,GROUP,False
Scotland,2026-07-15,,,,,,,,,,GROUP,False
Scotland,2026-07-16,,,,,,,,,,GROUP,False
Scotland,2026-07-17,,,,,,,,,,GROUP,False
Scotland,2026-07-18,,,,,,,,,,GROUP,False
Scotland,2026-07-19,,,,,,,,,,GROUP,False
Scotland,2026-07-20,,,,,,,,,,GROUP,False
Scotland,2026-07-21,,,,,,,,,,GROUP,False
